ID,Category,years_experience,cert_count,quantified_achievements,structural_completeness_score,word_count,quality_cluster_kmeans,quality_cluster_dbscan
16852973,HR,15,3,0,5,674,1,0
22323967,HR,0,0,0,4,708,0,1
33176873,HR,20,0,0,4,1017,1,1
27018550,HR,0,1,0,4,379,0,1
17812897,HR,0,0,0,4,1206,0,1
11592605,HR,0,2,0,4,666,0,1
25824789,HR,0,0,0,4,637,0,1
15375009,HR,0,0,1,3,1106,0,2
11847784,HR,15,0,0,5,796,1,0
32896934,HR,0,3,0,5,716,2,0
29149998,HR,0,2,0,4,679,0,1
11480899,HR,0,1,0,6,1123,2,3
23155093,HR,0,0,0,5,732,0,0
11763983,HR,0,1,0,4,715,0,1
27490876,HR,0,2,0,5,724,0,0
32977530,HR,0,0,2,4,750,0,1
93002334,HR,0,1,0,5,701,0,0
24184357,HR,0,0,0,4,1123,0,1
73077810,HR,0,0,1,5,642,0,0
13879043,HR,7,2,1,4,802,0,1
30163002,HR,0,0,0,4,620,0,1
18827609,HR,3,0,2,4,1108,0,1
25676643,HR,0,0,1,5,1510,2,0
12786012,HR,0,2,0,6,628,2,3
87968870,HR,0,0,1,5,757,0,0
46258701,HR,0,0,0,4,612,0,1
14225422,HR,0,0,0,4,798,0,1
29297973,HR,0,2,2,5,706,2,0
18334783,HR,0,0,0,4,643,0,1
19717385,HR,0,5,1,5,941,2,0
49937469,HR,0,0,1,4,794,0,1
18316239,HR,0,2,3,3,776,0,2
17855844,HR,0,4,2,3,906,0,2
57667857,HR,0,3,1,5,1552,2,0
17422560,HR,0,1,1,4,729,0,1
32947778,HR,0,0,0,6,1015,2,3
23914451,HR,0,1,0,5,638,0,0
21265194,HR,0,0,0,5,1213,0,0
51769822,HR,30,1,0,5,623,1,-1
19616406,HR,0,2,0,4,765,0,1
41523474,HR,0,0,0,5,724,0,0
59962788,HR,0,5,0,4,748,0,1
86184722,HR,0,0,4,3,859,0,2
28419173,HR,0,0,0,4,840,0,1
18155310,HR,0,5,1,7,813,2,4
26780935,HR,0,0,2,4,581,0,1
34554248,HR,3,3,1,4,896,0,1
26202430,HR,0,0,0,6,1102,2,3
19867922,HR,0,0,0,4,659,0,1
91930382,HR,0,0,0,4,421,0,1
30646367,HR,0,2,0,3,913,0,2
39650734,HR,5,2,0,5,917,2,0
72231872,HR,9,0,1,5,1177,1,0
13520837,HR,0,1,0,5,825,0,0
18422164,HR,0,0,0,6,828,2,3
30862904,HR,10,1,2,5,826,1,0
52979663,HR,0,0,6,3,750,0,-1
28828844,HR,0,0,0,4,828,0,1
21830565,HR,0,3,0,6,1066,2,3
27523575,HR,0,0,0,6,706,2,3
39081840,HR,0,2,0,4,979,0,1
20925036,HR,0,0,0,5,1038,0,0
15576950,HR,0,0,1,3,700,0,2
29564653,HR,0,2,1,4,714,0,1
14886205,HR,0,2,2,5,687,2,0
17412079,HR,7,1,2,5,851,2,0
16861758,HR,0,2,0,4,748,0,1
93112113,HR,0,1,0,5,891,0,0
15041689,HR,0,0,0,4,662,0,1
80162314,HR,0,0,0,4,713,0,1
20993320,HR,0,0,0,4,726,0,1
14640322,HR,20,0,0,4,717,1,1
26289308,HR,0,1,1,5,670,0,0
23408537,HR,0,4,0,5,653,2,0
28808263,HR,0,0,0,5,713,0,0
18084150,HR,0,1,1,5,734,0,0
26671167,HR,0,2,1,4,670,0,1
44476983,HR,0,0,0,6,759,2,3
16877897,HR,0,1,0,4,1065,0,1
29091445,HR,0,2,0,5,686,0,0
25724495,HR,0,0,2,4,914,0,1
24508725,HR,6,6,0,5,2302,2,-1
11698189,HR,0,0,0,5,511,0,0
27165830,HR,0,2,1,5,1002,2,0
47470864,HR,0,1,0,5,814,0,0
34740556,HR,8,0,0,4,674,0,1
18557164,HR,0,1,0,5,662,0,0
19179079,HR,0,1,1,5,1761,2,0
13376919,HR,0,0,0,5,660,0,0
26048718,HR,0,1,3,4,1652,2,-1
17150707,HR,0,0,0,4,648,0,1
18297650,HR,0,1,0,5,1318,2,0
23510685,HR,0,0,0,5,846,0,0
39970711,HR,0,1,0,5,632,0,0
20806155,HR,0,1,0,4,3119,2,-1
28640735,HR,0,0,1,4,1054,0,1
15575117,HR,0,1,0,5,1197,2,0
27496514,HR,0,2,4,5,641,2,0
14256329,HR,0,0,0,4,683,0,1
19336728,HR,0,1,0,5,254,0,0
10694288,HR,0,0,0,4,647,0,1
28175164,HR,0,3,3,6,910,2,3
10399912,HR,0,5,0,6,720,2,3
20417897,HR,0,3,0,6,676,2,3
18731098,HR,0,2,0,6,919,2,3
30563572,HR,0,3,1,5,665,2,0
24402267,HR,0,1,0,6,807,2,3
32308556,HR,0,1,0,4,716,0,1
27847081,HR,0,2,0,4,760,0,1
25150191,HR,0,0,0,5,661,0,0
37058472,DESIGNER,0,1,0,5,582,0,0
68240723,DESIGNER,0,1,0,4,565,0,1
76010167,DESIGNER,0,0,0,4,245,0,1
19164410,DESIGNER,0,0,0,4,755,0,1
29147100,DESIGNER,0,0,0,4,247,0,1
25061645,DESIGNER,0,0,0,5,362,0,0
11919526,DESIGNER,0,6,1,5,909,2,0
81011612,DESIGNER,0,0,0,4,315,0,1
11722421,DESIGNER,0,0,2,4,643,0,1
13774329,DESIGNER,0,1,0,6,940,2,3
35990852,DESIGNER,0,0,1,5,1548,2,0
36269672,DESIGNER,0,0,0,3,417,0,2
90066849,DESIGNER,28,2,0,3,1091,1,-1
27529455,DESIGNER,0,1,1,5,1065,2,0
85101052,DESIGNER,0,1,0,3,826,0,2
22567495,DESIGNER,0,1,0,5,881,0,0
10751444,DESIGNER,0,1,0,4,1132,0,1
11807040,DESIGNER,0,4,4,8,1295,2,-1
12415691,DESIGNER,0,2,0,5,711,0,0
38565119,DESIGNER,0,2,2,4,826,0,1
21705160,DESIGNER,0,0,0,3,131,0,2
26496059,DESIGNER,0,2,0,7,1348,2,4
29524570,DESIGNER,0,2,0,5,711,0,0
15936656,DESIGNER,0,0,0,5,289,0,0
13557622,DESIGNER,0,0,0,4,200,0,1
41506705,DESIGNER,0,6,0,6,692,2,3
32954522,DESIGNER,0,2,0,4,491,0,1
44185767,DESIGNER,0,4,0,5,1101,2,0
14014749,DESIGNER,0,0,0,4,826,0,1
34349255,DESIGNER,0,0,0,6,338,0,3
16288901,DESIGNER,0,0,0,4,335,0,1
25422388,DESIGNER,0,0,0,5,763,0,0
22496394,DESIGNER,0,0,0,5,726,0,0
38744475,DESIGNER,0,0,0,5,456,0,0
67582956,DESIGNER,16,0,0,5,591,1,0
26676567,DESIGNER,0,1,1,5,1666,2,0
14724186,DESIGNER,0,0,0,3,359,0,2
10748989,DESIGNER,0,1,0,3,722,0,2
26924514,DESIGNER,0,2,5,6,1201,2,-1
12674307,DESIGNER,0,0,0,5,430,0,0
23951429,DESIGNER,0,1,0,5,286,0,0
26046064,DESIGNER,0,0,0,5,252,0,0
28326441,DESIGNER,0,1,1,5,843,0,0
78149576,DESIGNER,0,2,0,3,134,0,2
17555081,DESIGNER,0,1,0,5,710,0,0
39776400,DESIGNER,0,1,0,4,860,0,1
37263609,DESIGNER,0,0,0,5,606,0,0
13518263,DESIGNER,26,0,0,5,318,1,-1
11155153,DESIGNER,0,9,0,6,2284,2,-1
54201930,DESIGNER,0,0,0,6,914,2,3
10466583,DESIGNER,0,0,0,3,253,0,2
26790545,DESIGNER,0,0,0,7,754,2,4
11958994,DESIGNER,0,2,0,3,735,0,2
30968749,DESIGNER,4,1,2,4,815,0,1
20932019,DESIGNER,0,0,0,4,426,0,1
51681660,DESIGNER,0,0,0,5,1143,0,0
34657584,DESIGNER,0,0,0,5,801,0,0
15471999,DESIGNER,0,5,0,5,770,2,0
18979238,DESIGNER,0,1,0,5,957,0,0
26622051,DESIGNER,7,5,0,6,532,2,-1
22675694,DESIGNER,0,0,0,6,901,2,3
25023614,DESIGNER,0,1,0,5,714,0,0
20390397,DESIGNER,0,1,0,5,482,0,0
17199951,DESIGNER,0,0,0,4,477,0,1
14743911,DESIGNER,0,5,0,5,787,2,0
24455357,DESIGNER,0,0,0,3,565,0,2
91153752,DESIGNER,0,3,0,5,375,0,0
14528265,DESIGNER,0,8,0,6,307,2,-1
18460045,DESIGNER,0,0,0,3,242,0,2
20986595,DESIGNER,0,0,0,6,706,2,3
20748926,DESIGNER,0,1,0,5,782,0,0
32532982,DESIGNER,0,0,0,5,814,0,0
34317538,DESIGNER,0,0,3,5,2268,2,-1
19195747,DESIGNER,0,1,0,5,1090,2,0
12547982,DESIGNER,0,1,0,5,1099,2,0
94417768,DESIGNER,0,0,0,4,649,0,1
24655918,DESIGNER,30,0,0,5,465,1,-1
27497542,DESIGNER,0,0,0,5,393,0,0
62312955,DESIGNER,0,1,2,5,346,0,0
22506245,DESIGNER,0,0,0,5,539,0,0
28663949,DESIGNER,0,1,0,5,295,0,0
39434376,DESIGNER,0,2,0,4,256,0,1
13998435,DESIGNER,0,7,0,5,894,2,0
30965258,DESIGNER,0,1,0,5,711,0,0
18835363,DESIGNER,0,0,0,5,932,0,0
26503829,DESIGNER,0,0,0,4,811,0,1
18198627,DESIGNER,0,0,0,5,946,0,0
39252859,DESIGNER,0,4,0,5,706,2,0
34051710,DESIGNER,0,0,0,5,799,0,0
37664296,DESIGNER,0,6,0,5,1449,2,0
21916744,DESIGNER,0,0,0,4,732,0,1
15425154,DESIGNER,0,0,1,5,948,0,0
24285142,DESIGNER,15,3,0,5,883,1,0
24583187,DESIGNER,0,2,0,4,630,0,1
29865476,DESIGNER,0,2,0,4,830,0,1
25949631,DESIGNER,12,1,0,5,877,1,0
21283733,DESIGNER,0,2,0,6,838,2,3
51018476,DESIGNER,0,0,0,4,512,0,1
13014900,DESIGNER,0,6,0,5,1568,2,0
44145704,DESIGNER,0,1,0,7,699,2,4
18795567,DESIGNER,0,2,0,5,653,0,0
42384185,DESIGNER,0,0,2,5,760,0,0
26942552,DESIGNER,0,0,0,3,714,0,2
67645662,DESIGNER,0,0,0,5,1081,0,0
34511655,DESIGNER,0,0,0,4,747,0,1
37695494,DESIGNER,0,5,0,4,455,0,1
93301686,DESIGNER,0,4,1,5,791,2,0
36856210,INFORMATION-TECHNOLOGY,0,0,1,5,617,0,0
21780877,INFORMATION-TECHNOLOGY,0,3,0,3,807,0,2
33241454,INFORMATION-TECHNOLOGY,0,7,0,4,540,2,1
25990239,INFORMATION-TECHNOLOGY,0,0,0,4,736,0,1
16899268,INFORMATION-TECHNOLOGY,0,3,1,5,573,2,0
91635250,INFORMATION-TECHNOLOGY,0,1,0,4,944,0,1
19796840,INFORMATION-TECHNOLOGY,0,5,0,3,2043,2,-1
15651486,INFORMATION-TECHNOLOGY,0,1,0,3,888,0,2
52246737,INFORMATION-TECHNOLOGY,0,3,0,4,961,0,1
12045067,INFORMATION-TECHNOLOGY,0,0,0,4,1206,0,1
13836471,INFORMATION-TECHNOLOGY,0,2,0,3,658,0,2
14789139,INFORMATION-TECHNOLOGY,0,0,0,4,1163,0,1
36434348,INFORMATION-TECHNOLOGY,10,0,0,4,715,1,1
27536013,INFORMATION-TECHNOLOGY,10,1,0,3,780,0,-1
18301617,INFORMATION-TECHNOLOGY,0,4,0,4,657,0,1
24913648,INFORMATION-TECHNOLOGY,0,2,0,5,906,2,0
26801767,INFORMATION-TECHNOLOGY,30,5,0,7,1227,1,-1
27372171,INFORMATION-TECHNOLOGY,0,3,0,4,1572,2,1
91697974,INFORMATION-TECHNOLOGY,5,6,0,5,729,2,0
28672970,INFORMATION-TECHNOLOGY,0,2,0,5,846,0,0
66832845,INFORMATION-TECHNOLOGY,0,0,1,3,710,0,2
25207620,INFORMATION-TECHNOLOGY,0,6,0,5,862,2,0
41344156,INFORMATION-TECHNOLOGY,0,0,3,4,913,0,1
68460556,INFORMATION-TECHNOLOGY,0,1,0,3,330,0,2
10247517,INFORMATION-TECHNOLOGY,0,3,5,7,881,2,-1
25959103,INFORMATION-TECHNOLOGY,0,3,0,5,692,2,0
13385306,INFORMATION-TECHNOLOGY,0,0,0,4,714,0,1
38753827,INFORMATION-TECHNOLOGY,0,5,0,5,1289,2,0
17681064,INFORMATION-TECHNOLOGY,0,3,2,7,653,2,4
25905275,INFORMATION-TECHNOLOGY,0,0,0,3,966,0,2
11580408,INFORMATION-TECHNOLOGY,0,13,0,4,807,2,-1
19201175,INFORMATION-TECHNOLOGY,0,4,0,4,753,0,1
12635195,INFORMATION-TECHNOLOGY,0,3,0,6,380,2,3
32959732,INFORMATION-TECHNOLOGY,0,0,12,4,1661,2,-1
17688766,INFORMATION-TECHNOLOGY,0,0,0,4,579,0,1
20024870,INFORMATION-TECHNOLOGY,0,0,2,4,390,0,1
22450718,INFORMATION-TECHNOLOGY,5,2,0,3,995,0,2
46260230,INFORMATION-TECHNOLOGY,0,3,1,4,1321,2,1
10839851,INFORMATION-TECHNOLOGY,0,0,0,4,556,0,1
18752129,INFORMATION-TECHNOLOGY,0,3,0,5,1325,2,0
37764298,INFORMATION-TECHNOLOGY,0,5,2,3,872,0,2
90867631,INFORMATION-TECHNOLOGY,0,12,0,4,1641,2,-1
17641670,INFORMATION-TECHNOLOGY,0,23,0,6,1847,2,-1
24889109,INFORMATION-TECHNOLOGY,3,7,0,4,628,2,1
24083609,INFORMATION-TECHNOLOGY,0,1,0,4,237,0,1
24038620,INFORMATION-TECHNOLOGY,0,1,0,3,907,0,2
29051656,INFORMATION-TECHNOLOGY,0,0,5,4,956,0,1
20237244,INFORMATION-TECHNOLOGY,0,3,0,4,402,0,1
20001721,INFORMATION-TECHNOLOGY,0,0,0,4,465,0,1
92069209,INFORMATION-TECHNOLOGY,0,1,1,4,710,0,1
13405733,INFORMATION-TECHNOLOGY,0,3,0,7,797,2,4
28697203,INFORMATION-TECHNOLOGY,0,1,1,5,700,0,0
28035460,INFORMATION-TECHNOLOGY,0,2,2,5,805,2,0
21283365,INFORMATION-TECHNOLOGY,0,0,0,5,886,0,0
17987433,INFORMATION-TECHNOLOGY,0,0,0,4,751,0,1
10553553,INFORMATION-TECHNOLOGY,0,1,1,5,662,0,0
15118506,INFORMATION-TECHNOLOGY,0,6,3,5,721,2,-1
18176523,INFORMATION-TECHNOLOGY,0,4,0,6,606,2,3
24020470,INFORMATION-TECHNOLOGY,0,2,0,4,1098,0,1
70089206,INFORMATION-TECHNOLOGY,0,0,0,4,875,0,1
27770859,INFORMATION-TECHNOLOGY,0,0,0,3,741,0,2
57002858,INFORMATION-TECHNOLOGY,0,0,3,5,691,0,0
13477922,INFORMATION-TECHNOLOGY,0,11,0,3,723,2,-1
28126340,INFORMATION-TECHNOLOGY,9,3,1,5,1256,2,-1
37242217,INFORMATION-TECHNOLOGY,10,0,0,4,920,1,1
10089434,INFORMATION-TECHNOLOGY,0,2,1,7,1055,2,4
11957080,INFORMATION-TECHNOLOGY,0,10,1,5,1241,2,-1
35325329,INFORMATION-TECHNOLOGY,0,6,0,5,871,2,0
10840430,INFORMATION-TECHNOLOGY,0,2,0,4,915,0,1
64017585,INFORMATION-TECHNOLOGY,0,0,1,4,419,0,1
19850482,INFORMATION-TECHNOLOGY,0,0,0,4,983,0,1
52618188,INFORMATION-TECHNOLOGY,0,0,0,4,1012,0,1
28897981,INFORMATION-TECHNOLOGY,0,1,0,5,899,0,0
51639418,INFORMATION-TECHNOLOGY,0,0,2,5,655,0,0
20674668,INFORMATION-TECHNOLOGY,0,0,0,4,832,0,1
23527321,INFORMATION-TECHNOLOGY,0,0,0,4,809,0,1
18159866,INFORMATION-TECHNOLOGY,0,0,1,5,1347,2,0
22776912,INFORMATION-TECHNOLOGY,0,0,2,5,1172,2,0
23864648,INFORMATION-TECHNOLOGY,20,1,1,4,786,1,1
18187364,INFORMATION-TECHNOLOGY,0,3,0,4,1186,0,1
83816738,INFORMATION-TECHNOLOGY,3,0,1,5,1227,2,0
20824105,INFORMATION-TECHNOLOGY,0,6,2,4,916,2,1
33381211,INFORMATION-TECHNOLOGY,20,0,0,5,1513,1,-1
16533554,INFORMATION-TECHNOLOGY,0,5,3,6,702,2,3
20879311,INFORMATION-TECHNOLOGY,15,0,2,6,1030,1,-1
31111279,INFORMATION-TECHNOLOGY,0,6,0,5,1140,2,0
17111768,INFORMATION-TECHNOLOGY,0,5,0,6,1397,2,3
11584809,INFORMATION-TECHNOLOGY,0,10,1,6,662,2,-1
20408458,INFORMATION-TECHNOLOGY,0,0,0,4,1296,0,1
91121135,INFORMATION-TECHNOLOGY,0,0,0,4,829,0,1
24230851,INFORMATION-TECHNOLOGY,0,0,1,6,655,2,3
40018190,INFORMATION-TECHNOLOGY,0,1,0,5,394,0,0
16186411,INFORMATION-TECHNOLOGY,0,0,0,5,1313,2,0
29975124,INFORMATION-TECHNOLOGY,20,0,2,5,826,1,-1
26746496,INFORMATION-TECHNOLOGY,0,0,0,5,1222,2,0
89413122,INFORMATION-TECHNOLOGY,0,1,0,5,614,0,0
12334140,INFORMATION-TECHNOLOGY,0,4,0,4,2044,2,-1
10641230,INFORMATION-TECHNOLOGY,0,5,1,4,738,2,1
10265057,INFORMATION-TECHNOLOGY,0,0,0,5,716,0,0
30223363,INFORMATION-TECHNOLOGY,0,0,0,5,1431,2,0
15791766,INFORMATION-TECHNOLOGY,9,7,2,6,613,2,-1
29075857,INFORMATION-TECHNOLOGY,0,1,2,5,1253,2,0
12763627,INFORMATION-TECHNOLOGY,0,1,0,6,931,2,3
39718499,INFORMATION-TECHNOLOGY,0,0,0,4,321,0,1
27058381,INFORMATION-TECHNOLOGY,0,2,0,5,1715,2,0
25857360,INFORMATION-TECHNOLOGY,14,0,0,4,826,1,1
26768723,INFORMATION-TECHNOLOGY,0,0,0,6,695,2,3
31243710,INFORMATION-TECHNOLOGY,0,4,0,5,1041,2,0
15297298,INFORMATION-TECHNOLOGY,0,6,1,6,729,2,3
27295996,INFORMATION-TECHNOLOGY,0,1,0,4,928,0,1
39413067,INFORMATION-TECHNOLOGY,0,0,0,3,688,0,2
48037995,INFORMATION-TECHNOLOGY,0,1,0,6,743,2,3
15802627,INFORMATION-TECHNOLOGY,0,6,0,4,1085,2,1
51363762,INFORMATION-TECHNOLOGY,0,8,0,5,1053,2,0
18067556,INFORMATION-TECHNOLOGY,0,1,0,5,2670,2,-1
27485716,INFORMATION-TECHNOLOGY,0,2,0,4,741,0,1
26480367,INFORMATION-TECHNOLOGY,0,1,1,6,671,2,3
81761658,INFORMATION-TECHNOLOGY,0,0,1,4,884,0,1
79541391,INFORMATION-TECHNOLOGY,0,4,1,4,1769,2,-1
23666211,INFORMATION-TECHNOLOGY,0,1,1,4,745,0,1
12467531,TEACHER,0,0,2,6,905,2,3
19918523,TEACHER,0,1,0,4,351,0,1
62184086,TEACHER,0,0,0,3,361,0,2
28063132,TEACHER,0,0,0,4,362,0,1
29797594,TEACHER,0,1,0,4,789,0,1
22408666,TEACHER,0,8,0,5,754,2,0
13087952,TEACHER,0,7,0,5,619,2,0
15850434,TEACHER,0,4,1,3,746,0,2
28772892,TEACHER,0,1,0,5,909,0,0
33704389,TEACHER,0,3,0,4,788,0,1
16210888,TEACHER,0,2,0,4,728,0,1
38750659,TEACHER,0,0,1,5,628,0,0
90363254,TEACHER,0,0,1,5,903,0,0
66906212,TEACHER,0,1,0,6,1027,2,3
34745915,TEACHER,0,1,1,4,955,0,1
34689720,TEACHER,0,0,2,3,754,0,2
48547319,TEACHER,0,3,0,4,705,0,1
19464810,TEACHER,10,0,0,4,887,1,1
28086303,TEACHER,0,4,0,7,563,2,4
13855004,TEACHER,0,3,0,5,801,2,0
35421497,TEACHER,0,1,1,6,483,2,3
69005326,TEACHER,0,5,0,4,698,0,1
18001081,TEACHER,0,1,0,6,873,2,3
14958913,TEACHER,0,1,0,3,714,0,2
13296856,TEACHER,0,5,1,5,594,2,0
63391085,TEACHER,0,1,1,4,756,0,1
23939133,TEACHER,0,2,0,4,825,0,1
96547039,TEACHER,0,2,0,5,662,0,0
22807104,TEACHER,0,1,1,6,1000,2,3
23628651,TEACHER,5,0,1,5,734,0,0
29486525,TEACHER,5,1,3,6,682,2,-1
22510753,TEACHER,0,1,0,4,615,0,1
21773106,TEACHER,0,4,1,7,910,2,4
34465087,TEACHER,0,6,8,4,812,2,-1
24791126,TEACHER,0,0,0,4,758,0,1
15899269,TEACHER,0,0,0,4,372,0,1
37402097,TEACHER,0,1,0,4,342,0,1
36206485,TEACHER,0,1,0,5,834,0,0
36569713,TEACHER,0,0,0,4,309,0,1
28013287,TEACHER,0,5,0,5,850,2,0
29267293,TEACHER,0,2,0,5,400,0,0
45286020,TEACHER,0,3,0,6,938,2,3
13330982,TEACHER,0,1,1,5,667,0,0
22551979,TEACHER,0,0,0,6,724,2,3
29639533,TEACHER,10,1,2,5,805,1,0
49285644,TEACHER,0,0,0,5,816,0,0
16270906,TEACHER,0,0,1,4,1509,0,1
27531694,TEACHER,0,5,0,6,1118,2,3
74816727,TEACHER,0,0,0,5,735,0,0
23398843,TEACHER,10,2,0,5,645,1,0
31552617,TEACHER,0,2,0,4,370,0,1
19556300,TEACHER,9,1,0,4,810,0,1
66683238,TEACHER,0,2,1,5,649,0,0
17311685,TEACHER,0,1,0,5,260,0,0
17481570,TEACHER,0,6,0,4,345,0,1
22884757,TEACHER,0,2,0,5,330,0,0
58708773,TEACHER,0,0,0,3,273,0,2
10527994,TEACHER,0,0,1,4,209,0,1
69532425,TEACHER,0,2,0,5,279,0,0
20399718,TEACHER,0,0,0,4,736,0,1
19302310,TEACHER,0,0,0,5,679,0,0
51209395,TEACHER,0,0,0,5,183,0,0
22632070,TEACHER,0,0,0,5,430,0,0
22056333,TEACHER,0,6,0,4,283,0,1
11336022,TEACHER,0,0,0,4,423,0,1
11616482,TEACHER,0,1,0,3,475,0,2
34033933,TEACHER,0,0,0,5,651,0,0
21531811,TEACHER,0,0,0,4,309,0,1
20626794,TEACHER,0,1,1,5,257,0,0
58665241,TEACHER,0,3,1,5,765,2,0
37660306,TEACHER,0,7,0,3,2694,2,-1
13583538,TEACHER,0,1,0,4,850,0,1
20230207,TEACHER,0,1,0,7,663,2,4
28642819,TEACHER,0,2,1,6,755,2,3
16820422,TEACHER,0,0,0,3,813,0,2
29930479,TEACHER,0,5,0,5,331,2,0
25588694,TEACHER,0,6,3,6,428,2,-1
86597425,TEACHER,0,2,0,7,1151,2,4
10909720,TEACHER,0,1,0,4,765,0,1
28933005,TEACHER,0,2,0,6,1085,2,3
53129155,TEACHER,0,3,0,6,686,2,3
11943065,TEACHER,0,7,0,7,635,2,-1
45987048,TEACHER,0,1,0,5,795,0,0
99244405,TEACHER,0,0,0,4,681,0,1
32067700,TEACHER,0,0,5,4,492,0,1
27126818,TEACHER,0,2,1,5,1832,2,0
19786924,TEACHER,25,6,0,6,830,1,-1
70892619,TEACHER,0,4,0,5,745,2,0
25729119,TEACHER,0,1,0,3,640,0,2
58105060,TEACHER,0,0,0,4,733,0,1
12587973,TEACHER,0,1,1,5,697,0,0
21611212,TEACHER,0,2,0,5,465,0,0
21550454,TEACHER,0,2,0,4,684,0,1
86322251,TEACHER,0,1,3,6,843,2,3
22968380,TEACHER,0,0,0,4,894,0,1
10504237,TEACHER,0,3,0,4,798,0,1
24240349,TEACHER,16,0,1,4,713,1,1
20478831,TEACHER,0,0,0,4,692,0,1
79663360,TEACHER,0,1,0,5,689,0,0
76196367,TEACHER,20,0,0,5,780,1,0
27524018,TEACHER,0,1,0,5,1247,2,0
27798860,TEACHER,0,1,0,5,1422,2,0
14445309,ADVOCATE,0,0,0,5,635,0,0
35474904,ADVOCATE,0,0,0,4,1027,0,1
37348041,ADVOCATE,0,6,0,5,635,2,0
89508407,ADVOCATE,0,0,4,4,763,0,1
25873425,ADVOCATE,0,2,4,4,976,2,1
31040875,ADVOCATE,0,1,0,4,407,0,1
11188218,ADVOCATE,0,0,0,5,812,0,0
73448369,ADVOCATE,0,4,0,3,676,0,2
42164460,ADVOCATE,0,4,1,6,758,2,3
18725071,ADVOCATE,0,2,0,4,726,0,1
28974459,ADVOCATE,0,8,0,4,711,2,1
38291889,ADVOCATE,0,0,0,5,756,0,0
12171093,ADVOCATE,0,1,0,5,436,0,0
13967854,ADVOCATE,0,2,0,5,663,0,0
90468982,ADVOCATE,0,0,1,4,701,0,1
49475708,ADVOCATE,0,0,0,4,884,0,1
54067174,ADVOCATE,0,1,1,4,523,0,1
49486820,ADVOCATE,0,0,0,4,1009,0,1
38860712,ADVOCATE,0,4,0,4,625,0,1
16332348,ADVOCATE,0,0,1,4,1590,0,1
34970271,ADVOCATE,0,2,0,3,696,0,2
14064815,ADVOCATE,0,0,0,4,667,0,1
12544735,ADVOCATE,7,2,1,4,468,0,1
20138606,ADVOCATE,0,0,0,4,958,0,1
36694627,ADVOCATE,0,1,0,4,638,0,1
29926588,ADVOCATE,10,0,0,5,645,1,0
28206098,ADVOCATE,15,3,0,5,689,1,0
20765795,ADVOCATE,0,3,2,4,681,0,1
20272792,ADVOCATE,0,0,0,4,304,0,1
20324037,ADVOCATE,8,0,1,6,772,2,5
53169257,ADVOCATE,0,0,0,4,644,0,1
24588864,ADVOCATE,0,0,1,5,1733,2,0
11963737,ADVOCATE,0,0,1,6,640,2,3
13593241,ADVOCATE,0,0,0,3,929,0,2
22391901,ADVOCATE,5,0,0,4,646,0,1
10344379,ADVOCATE,0,1,0,5,663,0,0
74126637,ADVOCATE,0,1,1,5,692,0,0
26071861,ADVOCATE,0,0,1,3,801,0,2
24410405,ADVOCATE,0,0,0,5,731,0,0
14146106,ADVOCATE,0,0,0,4,700,0,1
74191424,ADVOCATE,0,0,0,4,743,0,1
10186968,ADVOCATE,0,0,0,3,518,0,2
20400279,ADVOCATE,0,0,2,4,991,0,1
23427369,ADVOCATE,18,5,0,5,666,1,-1
95714702,ADVOCATE,0,0,0,5,940,0,0
18997135,ADVOCATE,0,0,0,5,611,0,0
11773767,ADVOCATE,0,7,0,5,655,2,0
78538268,ADVOCATE,0,1,1,5,644,0,0
13909762,ADVOCATE,0,7,0,5,1006,2,0
20604208,ADVOCATE,0,1,0,4,951,0,1
72652441,ADVOCATE,0,0,0,6,972,2,3
24754689,ADVOCATE,0,0,0,4,867,0,1
75057933,ADVOCATE,0,0,0,5,717,0,0
19063156,ADVOCATE,20,3,0,4,2309,1,-1
91051945,ADVOCATE,0,8,0,4,1844,2,-1
14176254,ADVOCATE,0,0,0,4,757,0,1
22259475,ADVOCATE,0,0,0,4,601,0,1
37560528,ADVOCATE,0,0,0,4,1278,0,1
23577836,ADVOCATE,0,0,1,4,1118,0,1
36392131,ADVOCATE,20,0,0,4,993,1,1
32965335,ADVOCATE,3,1,2,5,1123,2,0
21614256,ADVOCATE,0,0,0,3,781,0,2
97405769,ADVOCATE,0,0,2,4,946,0,1
95970987,ADVOCATE,0,0,0,5,1923,2,0
17021141,ADVOCATE,0,1,0,3,852,0,2
15337481,ADVOCATE,0,0,0,5,794,0,0
75950464,ADVOCATE,6,0,0,7,1629,2,-1
19518606,ADVOCATE,0,2,0,4,704,0,1
15727656,ADVOCATE,0,1,0,4,647,0,1
31242382,ADVOCATE,0,0,0,3,836,0,2
29173771,ADVOCATE,0,3,1,3,707,0,2
19108760,ADVOCATE,0,1,2,4,1088,0,1
14708590,ADVOCATE,0,2,0,5,731,0,0
77439230,ADVOCATE,0,1,1,4,1073,0,1
40088790,ADVOCATE,0,2,0,5,892,2,0
22042181,ADVOCATE,0,1,0,5,857,0,0
29415426,ADVOCATE,0,1,0,4,343,0,1
37333719,ADVOCATE,0,0,0,3,266,0,2
15313140,ADVOCATE,0,0,0,3,720,0,2
13072354,ADVOCATE,0,1,0,4,829,0,1
20544228,ADVOCATE,0,6,0,5,651,2,0
30741799,ADVOCATE,7,3,0,4,733,0,1
17847636,ADVOCATE,0,4,0,4,667,0,1
80503242,ADVOCATE,19,1,0,6,692,1,-1
26456474,ADVOCATE,0,7,0,4,717,2,1
10818478,ADVOCATE,0,0,0,4,311,0,1
24124250,ADVOCATE,0,4,1,6,704,2,3
37640804,ADVOCATE,4,6,0,7,936,2,4
27182111,ADVOCATE,0,4,0,4,988,0,1
11174187,ADVOCATE,0,5,1,3,1313,2,-1
47133747,ADVOCATE,0,0,1,4,974,0,1
10659182,ADVOCATE,0,3,0,5,648,0,0
35344611,ADVOCATE,0,3,0,6,804,2,3
13342150,ADVOCATE,0,0,2,6,731,2,3
28111403,ADVOCATE,0,0,0,3,1152,0,2
34327438,ADVOCATE,0,2,0,5,995,2,0
15958967,ADVOCATE,0,3,0,6,938,2,3
13115648,ADVOCATE,0,1,0,4,650,0,1
46772262,ADVOCATE,0,6,1,5,645,2,0
38059130,ADVOCATE,0,2,1,6,899,2,3
24695561,ADVOCATE,0,2,0,3,1015,0,2
93512385,ADVOCATE,0,2,0,3,331,0,2
38698573,ADVOCATE,0,1,0,6,763,2,3
18090899,ADVOCATE,0,2,4,5,837,2,0
23804341,ADVOCATE,10,3,0,4,597,1,1
29177904,ADVOCATE,13,0,0,5,695,1,0
17911230,ADVOCATE,0,5,0,8,768,2,-1
19926135,ADVOCATE,0,5,0,5,633,2,0
44115326,ADVOCATE,0,1,4,4,2888,2,-1
75435017,ADVOCATE,10,0,0,5,1061,1,0
19234823,ADVOCATE,0,0,2,4,942,0,1
13809698,ADVOCATE,0,1,0,3,612,0,2
17254634,ADVOCATE,0,5,0,5,797,2,0
28871170,ADVOCATE,0,0,0,4,758,0,1
24946537,ADVOCATE,0,0,2,6,1566,2,3
28635795,ADVOCATE,0,0,0,5,783,0,0
24763208,ADVOCATE,0,2,2,7,1431,2,-1
17165107,ADVOCATE,0,3,0,5,566,0,0
65708020,BUSINESS-DEVELOPMENT,10,0,0,3,874,0,-1
36805025,BUSINESS-DEVELOPMENT,0,9,5,6,1425,2,-1
13080868,BUSINESS-DEVELOPMENT,0,1,0,4,668,0,1
20748929,BUSINESS-DEVELOPMENT,0,0,0,3,1030,0,2
26581830,BUSINESS-DEVELOPMENT,0,0,0,3,637,0,2
38688388,BUSINESS-DEVELOPMENT,0,0,5,5,851,2,0
25397102,BUSINESS-DEVELOPMENT,0,0,1,5,438,0,0
12059198,BUSINESS-DEVELOPMENT,0,0,0,4,417,0,1
10228751,BUSINESS-DEVELOPMENT,0,0,0,4,619,0,1
61677751,BUSINESS-DEVELOPMENT,0,1,2,5,657,0,0
20553895,BUSINESS-DEVELOPMENT,0,1,0,3,306,0,2
18757174,BUSINESS-DEVELOPMENT,0,0,0,3,326,0,2
14726000,BUSINESS-DEVELOPMENT,0,2,0,6,665,2,3
29208172,BUSINESS-DEVELOPMENT,0,2,1,5,927,2,0
40792022,BUSINESS-DEVELOPMENT,0,2,0,5,549,0,0
17095812,BUSINESS-DEVELOPMENT,0,0,0,3,954,0,2
27850777,BUSINESS-DEVELOPMENT,0,0,8,6,925,2,-1
90629382,BUSINESS-DEVELOPMENT,0,2,1,5,631,0,0
34797369,BUSINESS-DEVELOPMENT,0,0,1,6,861,2,3
98379112,BUSINESS-DEVELOPMENT,0,0,0,4,534,0,1
37521676,BUSINESS-DEVELOPMENT,20,6,0,4,1389,1,-1
10501991,BUSINESS-DEVELOPMENT,0,2,6,3,1084,2,-1
18293620,BUSINESS-DEVELOPMENT,0,0,4,4,913,0,1
19557384,BUSINESS-DEVELOPMENT,7,0,3,4,643,0,-1
15423153,BUSINESS-DEVELOPMENT,0,0,3,5,989,2,0
20357858,BUSINESS-DEVELOPMENT,0,0,2,3,694,0,2
12546838,BUSINESS-DEVELOPMENT,0,3,2,7,1075,2,4
24647386,BUSINESS-DEVELOPMENT,0,0,1,5,1006,0,0
23568641,BUSINESS-DEVELOPMENT,0,0,1,5,360,0,0
22423839,BUSINESS-DEVELOPMENT,0,0,1,4,495,0,1
19738730,BUSINESS-DEVELOPMENT,0,0,0,4,280,0,1
32531824,BUSINESS-DEVELOPMENT,0,0,1,6,370,0,3
34046031,BUSINESS-DEVELOPMENT,0,1,3,5,816,2,0
14825300,BUSINESS-DEVELOPMENT,0,3,2,5,975,2,0
37391947,BUSINESS-DEVELOPMENT,10,0,0,4,857,1,1
26896699,BUSINESS-DEVELOPMENT,0,1,1,3,648,0,2
11289482,BUSINESS-DEVELOPMENT,0,0,1,4,1024,0,1
29908929,BUSINESS-DEVELOPMENT,5,1,0,5,725,0,0
10704573,BUSINESS-DEVELOPMENT,10,0,6,3,1033,1,-1
14990354,BUSINESS-DEVELOPMENT,0,1,3,4,638,0,1
24964303,BUSINESS-DEVELOPMENT,0,0,10,4,716,2,-1
82118447,BUSINESS-DEVELOPMENT,0,2,4,4,1200,2,1
18236085,BUSINESS-DEVELOPMENT,6,0,0,5,732,0,0
29825044,BUSINESS-DEVELOPMENT,0,2,0,5,670,0,0
77576845,BUSINESS-DEVELOPMENT,22,1,4,5,996,1,-1
39237915,BUSINESS-DEVELOPMENT,15,1,2,5,694,1,0
28916894,BUSINESS-DEVELOPMENT,0,1,0,6,912,2,3
26278597,BUSINESS-DEVELOPMENT,0,1,1,5,1189,2,0
80275976,BUSINESS-DEVELOPMENT,0,2,2,3,947,0,2
11088337,BUSINESS-DEVELOPMENT,0,0,1,3,731,0,2
23396633,BUSINESS-DEVELOPMENT,0,1,1,5,950,2,0
12814706,BUSINESS-DEVELOPMENT,0,0,8,4,756,2,-1
39875803,BUSINESS-DEVELOPMENT,0,0,3,4,777,0,1
30938994,BUSINESS-DEVELOPMENT,0,0,0,5,801,0,0
16694152,BUSINESS-DEVELOPMENT,0,1,1,5,753,0,0
15233524,BUSINESS-DEVELOPMENT,0,0,1,3,742,0,2
81310245,BUSINESS-DEVELOPMENT,0,2,1,6,716,2,3
22025574,BUSINESS-DEVELOPMENT,37,1,0,4,969,1,-1
13888506,BUSINESS-DEVELOPMENT,0,1,1,5,505,0,0
79759716,BUSINESS-DEVELOPMENT,0,3,0,5,648,0,0
10541358,BUSINESS-DEVELOPMENT,0,0,0,4,798,0,1
31638814,BUSINESS-DEVELOPMENT,0,0,1,4,337,0,1
25370801,BUSINESS-DEVELOPMENT,0,0,0,5,216,0,0
27796199,BUSINESS-DEVELOPMENT,0,0,1,4,485,0,1
10289113,BUSINESS-DEVELOPMENT,0,0,2,6,783,2,3
27219200,BUSINESS-DEVELOPMENT,0,3,2,5,664,2,0
10235211,BUSINESS-DEVELOPMENT,0,1,0,5,1176,2,0
14287992,BUSINESS-DEVELOPMENT,0,0,0,5,681,0,0
47067533,BUSINESS-DEVELOPMENT,0,0,1,5,723,0,0
14241621,BUSINESS-DEVELOPMENT,0,0,3,5,907,2,0
27213082,BUSINESS-DEVELOPMENT,0,5,0,8,827,2,-1
31813535,BUSINESS-DEVELOPMENT,0,6,0,8,909,2,-1
17115815,BUSINESS-DEVELOPMENT,0,1,2,4,467,0,1
20317319,BUSINESS-DEVELOPMENT,10,2,0,4,798,1,1
38007664,BUSINESS-DEVELOPMENT,32,1,1,4,832,1,-1
24412546,BUSINESS-DEVELOPMENT,0,0,2,4,1172,0,1
29014805,BUSINESS-DEVELOPMENT,0,11,1,6,1134,2,-1
12377803,BUSINESS-DEVELOPMENT,0,0,0,4,750,0,1
32385553,BUSINESS-DEVELOPMENT,0,0,0,4,956,0,1
13199813,BUSINESS-DEVELOPMENT,0,0,4,4,1083,0,1
11551946,BUSINESS-DEVELOPMENT,0,0,0,5,954,0,0
22765255,BUSINESS-DEVELOPMENT,0,3,2,6,1218,2,3
20427934,BUSINESS-DEVELOPMENT,0,0,0,5,724,0,0
35673335,BUSINESS-DEVELOPMENT,0,1,3,5,794,2,0
16846478,BUSINESS-DEVELOPMENT,0,0,3,5,1096,2,0
89197180,BUSINESS-DEVELOPMENT,0,2,1,4,842,0,1
36574147,BUSINESS-DEVELOPMENT,0,0,3,5,844,2,0
27004930,BUSINESS-DEVELOPMENT,0,0,0,5,695,0,0
12230301,BUSINESS-DEVELOPMENT,0,0,0,5,1605,2,0
59696315,BUSINESS-DEVELOPMENT,0,0,0,6,1399,2,3
20633855,BUSINESS-DEVELOPMENT,0,1,0,3,536,0,2
18311419,BUSINESS-DEVELOPMENT,0,1,1,5,564,0,0
16091352,BUSINESS-DEVELOPMENT,0,1,5,4,712,0,1
27375577,BUSINESS-DEVELOPMENT,7,0,2,4,874,0,1
25813953,BUSINESS-DEVELOPMENT,0,0,2,4,482,0,1
76916835,BUSINESS-DEVELOPMENT,0,0,6,4,488,0,1
17730889,BUSINESS-DEVELOPMENT,0,2,0,3,697,0,2
67501448,BUSINESS-DEVELOPMENT,0,0,0,5,737,0,0
17421910,BUSINESS-DEVELOPMENT,0,0,0,4,478,0,1
12632728,BUSINESS-DEVELOPMENT,0,0,0,0,0,0,-1
91467795,BUSINESS-DEVELOPMENT,0,0,1,6,838,2,3
13574264,BUSINESS-DEVELOPMENT,0,0,2,4,737,0,1
27139412,BUSINESS-DEVELOPMENT,0,0,0,5,370,0,0
14070138,BUSINESS-DEVELOPMENT,0,3,0,4,974,0,1
15811992,BUSINESS-DEVELOPMENT,10,2,2,5,1146,1,0
14871762,BUSINESS-DEVELOPMENT,0,2,3,5,514,2,0
17597372,BUSINESS-DEVELOPMENT,0,5,0,4,364,0,1
18937778,BUSINESS-DEVELOPMENT,15,0,1,4,684,1,1
14861855,BUSINESS-DEVELOPMENT,0,0,0,4,718,0,1
36170003,BUSINESS-DEVELOPMENT,0,0,0,5,688,0,0
27937592,BUSINESS-DEVELOPMENT,0,3,2,6,670,2,3
16519708,BUSINESS-DEVELOPMENT,0,0,0,4,888,0,1
17602815,BUSINESS-DEVELOPMENT,0,0,0,5,640,0,0
28337049,BUSINESS-DEVELOPMENT,0,1,1,4,872,0,1
33424600,BUSINESS-DEVELOPMENT,10,0,0,4,1316,1,1
32042584,BUSINESS-DEVELOPMENT,0,0,0,4,512,0,1
14752209,BUSINESS-DEVELOPMENT,0,0,5,6,711,2,3
31273310,BUSINESS-DEVELOPMENT,0,1,1,4,764,0,1
14055971,BUSINESS-DEVELOPMENT,0,0,1,4,773,0,1
95382114,BUSINESS-DEVELOPMENT,0,0,2,5,675,0,0
23617240,HEALTHCARE,0,2,0,4,1363,0,1
23138078,HEALTHCARE,0,5,0,5,651,2,0
51777546,HEALTHCARE,0,0,0,3,650,0,2
69199666,HEALTHCARE,0,2,2,4,711,0,1
93988900,HEALTHCARE,0,8,0,5,1615,2,0
41910253,HEALTHCARE,0,0,0,6,390,0,3
28670024,HEALTHCARE,0,4,0,5,2749,2,-1
36625776,HEALTHCARE,0,9,2,6,1059,2,-1
96260484,HEALTHCARE,0,0,0,4,706,0,1
11378657,HEALTHCARE,0,0,0,5,689,0,0
34962725,HEALTHCARE,0,1,0,5,556,0,0
18365443,HEALTHCARE,0,1,0,6,836,2,3
26125407,HEALTHCARE,0,3,0,4,1143,0,1
54934269,HEALTHCARE,0,4,0,5,678,2,0
37374340,HEALTHCARE,20,2,0,4,602,1,1
25328428,HEALTHCARE,0,9,1,4,749,2,1
56520872,HEALTHCARE,0,7,0,6,788,2,3
23944036,HEALTHCARE,0,0,0,3,746,0,2
19090468,HEALTHCARE,0,4,0,5,864,2,0
16132195,HEALTHCARE,0,9,0,4,722,2,1
27030979,HEALTHCARE,0,0,1,5,723,0,0
17960690,HEALTHCARE,15,0,0,5,716,1,0
17624934,HEALTHCARE,0,2,1,4,621,0,1
22008817,HEALTHCARE,0,3,0,5,1061,2,0
20835760,HEALTHCARE,0,0,0,3,794,0,2
87520378,HEALTHCARE,0,0,1,5,726,0,0
58879993,HEALTHCARE,0,0,1,5,733,0,0
64471954,HEALTHCARE,0,1,0,4,307,0,1
18714571,HEALTHCARE,0,4,0,4,660,0,1
20748468,HEALTHCARE,0,2,1,6,1404,2,3
98300955,HEALTHCARE,8,0,0,5,1442,2,0
11653906,HEALTHCARE,0,0,1,5,790,0,0
10466208,HEALTHCARE,0,1,2,6,902,2,3
13352113,HEALTHCARE,0,10,0,4,808,2,1
20110597,HEALTHCARE,0,10,0,4,970,2,1
20211577,HEALTHCARE,0,0,0,4,752,0,1
12315079,HEALTHCARE,0,2,0,3,790,0,2
10480456,HEALTHCARE,0,9,0,5,2067,2,-1
75297735,HEALTHCARE,25,6,0,4,621,1,-1
49325370,HEALTHCARE,0,2,0,4,1020,0,1
21866029,HEALTHCARE,9,0,1,5,953,1,0
14667957,HEALTHCARE,0,5,1,6,959,2,3
10062724,HEALTHCARE,0,6,0,4,1468,2,-1
43994605,HEALTHCARE,15,0,0,4,738,1,1
23814777,HEALTHCARE,0,2,0,4,634,0,1
28745844,HEALTHCARE,0,4,0,6,669,2,3
17864043,HEALTHCARE,0,2,0,5,1029,2,0
16121387,HEALTHCARE,0,5,0,7,1089,2,4
10076271,HEALTHCARE,0,0,2,4,764,0,1
80876647,HEALTHCARE,0,3,0,4,798,0,1
36861863,HEALTHCARE,0,0,0,4,242,0,1
24025053,HEALTHCARE,0,0,0,5,653,0,0
17545780,HEALTHCARE,0,0,0,4,725,0,1
95011061,HEALTHCARE,0,3,0,3,443,0,2
13565152,HEALTHCARE,0,0,1,6,1591,2,3
75744306,HEALTHCARE,0,2,1,4,917,0,1
26908066,HEALTHCARE,0,5,3,5,645,2,0
11704150,HEALTHCARE,0,0,0,3,618,0,2
27917969,HEALTHCARE,0,0,0,5,1361,2,0
12613221,HEALTHCARE,0,6,0,4,437,0,1
15680735,HEALTHCARE,0,0,9,4,1133,2,-1
13575312,HEALTHCARE,20,4,1,7,980,1,-1
15636923,HEALTHCARE,4,8,0,4,882,2,1
14062078,HEALTHCARE,8,1,0,6,983,2,5
37001381,HEALTHCARE,16,12,1,4,761,1,-1
32219038,HEALTHCARE,0,2,0,4,696,0,1
10251432,HEALTHCARE,15,0,0,5,669,1,0
28423028,HEALTHCARE,0,5,1,6,987,2,3
46349752,HEALTHCARE,0,4,0,4,1032,0,1
26958533,HEALTHCARE,0,0,0,5,672,0,0
23110214,HEALTHCARE,0,6,3,4,1128,2,-1
17963031,HEALTHCARE,20,6,0,3,1021,1,-1
60624892,HEALTHCARE,0,1,2,4,866,0,1
23918545,HEALTHCARE,3,1,0,4,729,0,1
20172393,HEALTHCARE,0,3,0,4,649,0,1
39082090,HEALTHCARE,0,5,2,6,750,2,3
98309114,HEALTHCARE,20,13,4,4,1589,1,-1
16702198,HEALTHCARE,25,4,0,7,962,1,-1
45907524,HEALTHCARE,0,1,0,5,1239,2,0
12333703,HEALTHCARE,0,2,2,5,814,2,0
15499825,HEALTHCARE,0,2,0,4,648,0,1
85417107,HEALTHCARE,0,2,0,4,1061,0,1
33750209,HEALTHCARE,7,3,0,5,831,2,0
24548333,HEALTHCARE,0,2,1,5,654,0,0
16356151,HEALTHCARE,22,5,0,5,1284,1,-1
20736486,HEALTHCARE,21,5,0,5,912,1,-1
18784594,HEALTHCARE,0,2,1,4,694,0,1
85421438,HEALTHCARE,0,0,0,4,979,0,1
33803142,HEALTHCARE,0,2,0,4,1043,0,1
47996197,HEALTHCARE,10,0,3,6,717,1,-1
11605833,HEALTHCARE,0,3,0,3,700,0,2
25451319,HEALTHCARE,0,1,0,5,857,0,0
91478356,HEALTHCARE,0,2,0,5,876,2,0
29134372,HEALTHCARE,0,0,0,4,763,0,1
35579812,HEALTHCARE,0,4,0,4,708,0,1
12938200,HEALTHCARE,0,1,0,4,687,0,1
31926950,HEALTHCARE,0,0,0,4,1077,0,1
32563518,HEALTHCARE,0,3,2,5,1133,2,0
29992154,HEALTHCARE,0,4,0,4,969,0,1
25974844,HEALTHCARE,0,1,0,6,680,2,3
18129173,HEALTHCARE,0,3,2,7,715,2,4
26585242,HEALTHCARE,0,2,0,5,643,0,0
26695839,HEALTHCARE,0,0,4,3,794,0,2
10568183,HEALTHCARE,0,1,0,5,984,0,0
24550866,HEALTHCARE,0,2,0,5,659,0,0
34594746,HEALTHCARE,0,0,0,4,745,0,1
25834360,HEALTHCARE,25,8,0,4,690,1,-1
27090089,HEALTHCARE,0,1,0,5,809,0,0
35422305,HEALTHCARE,0,1,1,3,830,0,2
18484846,HEALTHCARE,0,3,0,5,794,2,0
18949843,HEALTHCARE,0,2,0,3,935,0,2
17539842,HEALTHCARE,0,5,0,5,965,2,0
36868767,HEALTHCARE,0,1,1,3,658,0,2
97169343,HEALTHCARE,0,1,0,3,1514,0,2
31395710,HEALTHCARE,0,9,2,5,947,2,0
17576030,FITNESS,0,3,0,3,380,0,2
24444525,FITNESS,0,2,0,4,652,0,1
10268614,FITNESS,0,1,2,5,745,2,0
29792535,FITNESS,0,3,1,5,715,2,0
15932017,FITNESS,0,4,0,3,391,0,2
23063986,FITNESS,0,1,0,4,915,0,1
10816645,FITNESS,0,0,0,5,379,0,0
11522068,FITNESS,0,0,0,4,199,0,1
10568350,FITNESS,0,0,0,5,642,0,0
18767449,FITNESS,0,0,1,5,393,0,0
20457611,FITNESS,2,5,0,6,957,2,3
54259150,FITNESS,0,6,1,5,907,2,0
67032711,FITNESS,0,0,0,5,880,0,0
12019284,FITNESS,0,0,2,3,712,0,2
38650096,FITNESS,0,4,0,5,306,0,0
32651555,FITNESS,0,0,0,3,891,0,2
55746506,FITNESS,0,3,1,4,738,0,1
10235429,FITNESS,0,4,3,6,897,2,3
30757456,FITNESS,0,14,0,5,1770,2,-1
19037403,FITNESS,0,7,0,4,1265,2,1
32636041,FITNESS,0,6,2,6,852,2,3
27974588,FITNESS,0,6,0,4,681,2,1
24251588,FITNESS,10,4,3,4,754,1,-1
97123005,FITNESS,0,0,0,5,640,0,0
38642923,FITNESS,0,6,0,4,630,0,1
39805617,FITNESS,0,10,5,6,891,2,-1
20565486,FITNESS,0,6,0,5,723,2,0
28669770,FITNESS,0,1,0,5,796,0,0
17660419,FITNESS,0,2,0,4,241,0,1
22855060,FITNESS,0,3,0,6,788,2,3
17163375,FITNESS,0,4,0,4,318,0,1
35302620,FITNESS,0,0,2,6,728,2,3
19599699,FITNESS,0,0,0,3,317,0,2
17286050,FITNESS,0,0,0,4,333,0,1
15293959,FITNESS,0,8,0,4,604,2,1
10428916,FITNESS,0,0,0,5,505,0,0
52684666,FITNESS,0,6,0,5,937,2,0
19774173,FITNESS,0,1,0,4,267,0,1
23011221,FITNESS,0,5,0,6,1002,2,3
13367322,FITNESS,0,13,0,5,1090,2,-1
16038911,FITNESS,0,10,0,5,1062,2,0
30990885,FITNESS,0,3,0,5,501,0,0
12923795,FITNESS,0,0,3,4,1110,0,1
20279756,FITNESS,0,6,1,4,653,2,1
25838512,FITNESS,0,0,0,4,370,0,1
17431847,FITNESS,0,6,0,4,680,2,1
28321954,FITNESS,0,0,0,4,753,0,1
11332602,FITNESS,0,1,1,4,814,0,1
17166018,FITNESS,0,1,0,4,375,0,1
29573698,FITNESS,0,0,0,4,340,0,1
95769832,FITNESS,0,0,0,4,373,0,1
89858892,FITNESS,0,0,0,5,725,0,0
22488036,FITNESS,0,2,1,5,745,2,0
22093368,FITNESS,0,4,0,6,764,2,3
31042953,FITNESS,0,9,0,5,701,2,0
24994145,FITNESS,0,1,1,4,478,0,1
56286525,FITNESS,0,0,2,4,986,0,1
32517106,FITNESS,0,5,0,3,1003,0,2
38108845,FITNESS,0,0,2,5,1017,2,0
28172023,FITNESS,0,0,1,4,316,0,1
45656814,FITNESS,0,0,0,6,706,2,3
24767027,FITNESS,0,0,2,6,839,2,3
25507648,FITNESS,0,1,1,5,1045,2,0
17915015,FITNESS,0,1,0,4,718,0,1
36139251,FITNESS,0,1,3,5,1307,2,0
16474898,FITNESS,0,8,0,5,693,2,0
25482567,FITNESS,0,0,0,4,399,0,1
29165698,FITNESS,0,1,0,4,356,0,1
27084878,FITNESS,13,1,0,6,795,1,5
26459032,FITNESS,0,6,0,6,683,2,3
70603826,FITNESS,0,6,0,5,1124,2,0
95085510,FITNESS,0,4,0,5,671,2,0
21238396,FITNESS,0,0,0,4,1078,0,1
20255404,FITNESS,12,4,4,5,735,1,-1
69666645,FITNESS,0,2,0,5,407,0,0
19938081,FITNESS,0,0,0,5,1198,0,0
12092347,FITNESS,0,0,0,4,836,0,1
62870550,FITNESS,0,0,1,4,765,0,1
76530505,FITNESS,0,0,0,4,730,0,1
10333051,FITNESS,0,7,1,4,1233,2,1
29319314,FITNESS,0,1,0,5,626,0,0
77266989,FITNESS,0,7,0,4,732,2,1
59487170,FITNESS,0,2,0,5,1070,2,0
24219583,FITNESS,0,6,0,4,700,2,1
27397245,FITNESS,14,1,0,5,738,1,0
29425788,FITNESS,0,9,0,5,922,2,0
11130200,FITNESS,0,0,0,4,747,0,1
10969918,FITNESS,0,4,0,4,661,0,1
21178545,FITNESS,0,5,0,4,827,0,1
12938389,FITNESS,0,0,1,5,912,0,0
57575888,FITNESS,0,3,0,5,1080,2,0
37087824,FITNESS,20,0,5,6,589,1,-1
21122155,FITNESS,0,3,1,4,956,0,1
24708621,FITNESS,0,5,0,4,499,0,1
27903191,FITNESS,0,0,1,4,713,0,1
24905947,FITNESS,0,0,0,5,653,0,0
75156649,FITNESS,0,0,0,4,325,0,1
96761538,FITNESS,0,1,0,6,283,0,3
19975121,FITNESS,0,3,0,5,331,0,0
12695799,FITNESS,10,2,0,4,639,1,1
14515954,FITNESS,0,0,0,5,867,0,0
13675377,FITNESS,0,2,0,5,666,0,0
34151183,FITNESS,15,0,0,4,730,1,1
16605352,FITNESS,0,1,0,6,822,2,3
34792238,FITNESS,0,15,0,5,1797,2,-1
23004695,FITNESS,0,1,2,4,620,0,1
35164503,FITNESS,0,3,1,7,802,2,4
63282405,FITNESS,0,2,1,5,636,0,0
31556198,FITNESS,0,0,0,4,821,0,1
12791244,FITNESS,0,3,0,5,540,0,0
14107571,FITNESS,22,9,2,6,890,1,-1
17658471,FITNESS,0,1,0,4,684,0,1
80000092,FITNESS,0,0,0,4,206,0,1
13037145,FITNESS,0,0,0,4,353,0,1
23477199,FITNESS,0,0,0,4,893,0,1
29306433,FITNESS,0,0,0,3,621,0,2
90365216,FITNESS,0,3,1,5,729,2,0
54246169,AGRICULTURE,0,0,0,5,914,0,0
28165687,AGRICULTURE,0,0,0,7,835,2,4
21134923,AGRICULTURE,0,1,0,6,709,2,3
37292350,AGRICULTURE,0,0,0,4,1970,2,-1
84512719,AGRICULTURE,0,1,0,6,344,0,3
21868149,AGRICULTURE,0,4,0,4,933,0,1
37201447,AGRICULTURE,20,0,0,6,793,1,-1
29897742,AGRICULTURE,20,0,0,7,663,1,-1
55500538,AGRICULTURE,0,1,0,5,758,0,0
15053703,AGRICULTURE,0,0,1,5,690,0,0
15603319,AGRICULTURE,0,0,0,5,663,0,0
69336473,AGRICULTURE,0,0,0,4,862,0,1
18242317,AGRICULTURE,0,0,0,5,678,0,0
30437583,AGRICULTURE,0,0,0,5,717,0,0
14140903,AGRICULTURE,0,1,0,3,907,0,2
17312146,AGRICULTURE,0,0,0,4,600,0,1
29746235,AGRICULTURE,0,5,0,6,687,2,3
62994611,AGRICULTURE,5,1,2,6,1101,2,-1
38216888,AGRICULTURE,4,0,0,4,196,0,1
19851252,AGRICULTURE,0,0,0,3,192,0,2
11813872,AGRICULTURE,20,4,0,5,1196,1,-1
16849128,AGRICULTURE,0,1,0,4,308,0,1
23631188,AGRICULTURE,0,4,1,6,1179,2,3
24001783,AGRICULTURE,12,0,0,5,642,1,0
12341902,AGRICULTURE,0,1,0,4,817,0,1
11197262,AGRICULTURE,0,3,0,5,703,2,0
10953078,AGRICULTURE,0,7,0,3,737,0,-1
69859102,AGRICULTURE,0,0,0,4,777,0,1
40882926,AGRICULTURE,0,1,0,3,624,0,2
16653657,AGRICULTURE,0,0,0,4,692,0,1
24397882,AGRICULTURE,0,5,3,4,863,2,1
16172429,AGRICULTURE,0,1,1,5,806,0,0
36102323,AGRICULTURE,0,11,1,6,1072,2,-1
81042872,AGRICULTURE,0,0,0,4,783,0,1
19532392,AGRICULTURE,0,3,0,6,642,2,3
34141299,AGRICULTURE,0,0,0,6,694,2,3
89740812,AGRICULTURE,0,2,1,3,720,0,2
20969119,AGRICULTURE,0,3,1,5,1239,2,0
27689009,AGRICULTURE,24,1,0,3,668,1,-1
29510501,AGRICULTURE,0,2,1,4,637,0,1
17640785,AGRICULTURE,0,2,0,4,882,0,1
29968330,AGRICULTURE,0,1,0,4,816,0,1
28733974,AGRICULTURE,0,0,4,6,857,2,3
15546686,AGRICULTURE,0,1,0,4,453,0,1
56068028,AGRICULTURE,0,7,1,5,904,2,0
24068423,AGRICULTURE,0,0,0,4,765,0,1
12674256,AGRICULTURE,0,1,0,5,823,0,0
27888251,AGRICULTURE,0,0,0,6,673,2,3
16507693,AGRICULTURE,0,1,0,6,1510,2,3
55712978,AGRICULTURE,16,0,1,4,950,1,1
26835781,AGRICULTURE,0,0,1,5,1005,0,0
26921245,AGRICULTURE,0,0,0,5,666,0,0
20006992,AGRICULTURE,0,0,0,4,735,0,1
11676151,AGRICULTURE,0,1,0,4,614,0,1
24416961,AGRICULTURE,0,5,0,5,896,2,0
69360287,AGRICULTURE,0,6,0,5,1063,2,0
18264694,AGRICULTURE,0,0,0,4,1415,0,1
16661264,AGRICULTURE,0,0,0,5,1644,2,0
26070334,AGRICULTURE,0,0,0,5,1471,2,0
29142288,AGRICULTURE,0,3,0,7,1463,2,4
28247753,AGRICULTURE,0,0,0,3,1052,0,2
79536879,AGRICULTURE,0,2,0,4,1325,0,1
17499196,AGRICULTURE,0,4,0,6,953,2,3
79261033,BPO,0,0,6,4,645,0,1
16492045,BPO,0,1,0,5,770,0,0
18589927,BPO,7,0,1,5,420,0,0
23933031,BPO,0,0,2,5,1125,2,0
13964744,BPO,7,2,0,5,984,2,0
89512321,BPO,0,0,1,4,1085,0,1
30709029,BPO,16,5,0,4,692,1,-1
11183737,BPO,8,0,0,4,1107,0,1
63158213,BPO,0,1,0,6,834,2,3
24727739,BPO,0,0,1,3,922,0,2
15145575,BPO,0,7,0,4,829,2,1
69097572,BPO,0,0,3,6,797,2,3
31064969,BPO,0,2,1,4,726,0,1
38707449,BPO,0,0,1,4,513,0,1
57706851,BPO,0,4,0,5,1498,2,0
41152404,BPO,0,1,1,4,1107,0,1
27710853,BPO,0,1,3,6,2310,2,-1
15573418,BPO,0,0,8,5,1236,2,-1
26829350,BPO,0,0,0,5,1053,0,0
95625660,BPO,0,1,0,5,727,0,0
19362586,BPO,0,0,1,4,775,0,1
45077654,BPO,10,2,0,5,1278,1,-1
87118391,SALES,0,1,1,5,672,0,0
33578873,SALES,0,0,0,4,288,0,1
27607632,SALES,0,2,1,4,480,0,1
23760084,SALES,0,0,0,5,753,0,0
30083943,SALES,0,5,0,4,740,0,1
20552814,SALES,0,0,0,4,1017,0,1
40987524,SALES,0,0,1,6,940,2,3
29134721,SALES,0,0,1,5,1640,2,0
18062906,SALES,0,2,0,5,685,0,0
29399491,SALES,0,0,0,4,631,0,1
19473948,SALES,0,0,0,4,856,0,1
71772815,SALES,0,0,0,4,858,0,1
15765660,SALES,0,0,2,5,952,2,0
29184740,SALES,0,3,1,3,442,0,2
17781039,SALES,0,0,1,4,890,0,1
19147947,SALES,0,1,0,4,863,0,1
18328743,SALES,0,0,0,4,255,0,1
37540732,SALES,0,0,0,4,595,0,1
30608780,SALES,0,6,0,5,961,2,0
15918496,SALES,0,0,0,4,679,0,1
16223371,SALES,0,0,0,4,350,0,1
79376680,SALES,0,0,0,5,799,0,0
36904300,SALES,0,0,1,5,1349,2,0
10724818,SALES,0,0,1,4,680,0,1
26994282,SALES,0,0,0,5,674,0,0
20819838,SALES,0,3,0,4,1015,0,1
16511249,SALES,0,2,2,5,867,2,0
36074301,SALES,15,3,1,5,667,1,0
27624540,SALES,15,6,0,6,1096,1,-1
20423658,SALES,0,0,0,4,904,0,1
98509238,SALES,0,5,1,4,778,2,1
25810233,SALES,0,0,1,3,696,0,2
15273850,SALES,0,0,0,3,169,0,2
26932091,SALES,10,0,0,5,1099,1,0
13812481,SALES,0,0,0,4,704,0,1
55477468,SALES,0,0,0,4,632,0,1
15973307,SALES,0,1,0,5,359,0,0
22047665,SALES,0,0,0,4,289,0,1
69155584,SALES,0,0,1,4,368,0,1
30529547,SALES,0,0,0,4,370,0,1
23296286,SALES,0,0,0,3,373,0,2
10603337,SALES,0,0,0,3,300,0,2
22319662,SALES,5,0,0,4,284,0,1
15581242,SALES,3,0,0,4,311,0,1
90682785,SALES,0,0,0,3,222,0,2
98108571,SALES,0,0,0,3,169,0,2
12351749,SALES,0,0,4,4,454,0,1
39581020,SALES,0,0,0,3,319,0,2
14267489,SALES,0,0,0,3,852,0,2
25839123,SALES,0,0,0,4,247,0,1
31454430,SALES,0,0,0,3,448,0,2
18368613,SALES,0,0,1,4,322,0,1
51349448,SALES,0,0,1,5,331,0,0
17509935,SALES,15,0,1,4,387,1,1
21595057,SALES,1,2,0,4,680,0,1
12696104,SALES,0,0,0,4,122,0,1
34303500,SALES,0,3,0,5,801,2,0
10898339,SALES,0,0,0,4,273,0,1
25315791,SALES,0,0,0,4,457,0,1
36621169,SALES,0,0,0,4,378,0,1
17378327,SALES,0,0,0,3,427,0,2
33236701,SALES,0,2,0,3,628,0,2
29211919,SALES,0,0,0,4,458,0,1
16121015,SALES,0,0,0,3,899,0,2
19582792,SALES,0,4,0,7,875,2,4
13348915,SALES,0,0,0,4,675,0,1
59422148,SALES,0,1,4,4,696,0,1
10138632,SALES,0,0,0,4,750,0,1
29805310,SALES,0,0,0,4,725,0,1
26425074,SALES,0,1,2,5,759,2,0
10464113,SALES,0,1,0,4,937,0,1
54101961,SALES,0,0,0,4,302,0,1
92200491,SALES,0,0,0,5,813,0,0
26530696,SALES,0,0,0,3,665,0,2
29332616,SALES,0,0,0,4,716,0,1
42304307,SALES,0,1,0,4,833,0,1
12820557,SALES,0,0,0,4,933,0,1
13178604,SALES,0,0,7,6,1424,2,-1
23929500,SALES,0,0,0,3,670,0,2
37360517,SALES,0,1,0,5,637,0,0
28377361,SALES,0,0,0,4,740,0,1
18171955,SALES,0,0,1,3,684,0,2
12082377,SALES,0,0,3,5,621,0,0
28198029,SALES,0,0,0,5,208,0,0
28867567,SALES,10,0,0,4,730,1,1
19147494,SALES,21,0,1,4,796,1,1
14358578,SALES,0,0,0,4,804,0,1
37735467,SALES,0,0,0,6,717,2,3
65456466,SALES,0,0,0,4,1121,0,1
32140087,SALES,0,12,4,4,888,2,-1
17704246,SALES,0,3,3,6,2486,2,-1
58428843,SALES,0,0,0,4,630,0,1
70528646,SALES,0,4,1,5,1258,2,0
23032182,SALES,10,0,0,4,1227,1,1
36970996,SALES,0,7,1,5,1236,2,0
13637605,SALES,0,0,0,4,459,0,1
55097118,SALES,0,0,0,4,821,0,1
24610685,SALES,0,0,0,5,821,0,0
38087844,SALES,0,1,0,5,868,0,0
28139742,SALES,0,0,4,6,1027,2,3
17410700,SALES,4,0,0,4,510,0,1
20141807,SALES,0,2,0,4,786,0,1
16280971,SALES,0,0,0,4,806,0,1
34131484,SALES,0,0,0,4,421,0,1
18885231,SALES,0,0,0,3,241,0,2
15620421,SALES,0,1,0,4,1102,0,1
31199035,SALES,0,0,0,3,830,0,2
85918100,SALES,0,0,0,4,852,0,1
14381464,SALES,0,0,0,4,128,0,1
23782450,SALES,0,0,0,4,709,0,1
37792474,SALES,26,1,0,5,711,1,-1
29928796,SALES,0,0,0,4,485,0,1
55104715,SALES,4,0,4,5,458,0,-1
27233183,SALES,0,2,0,5,398,0,0
29815762,SALES,0,1,0,4,974,0,1
19156751,SALES,0,0,0,6,846,2,3
27096471,CONSULTANT,0,1,0,6,719,2,3
43311839,CONSULTANT,0,0,1,5,1667,2,0
15119529,CONSULTANT,0,0,2,3,1029,0,2
88907739,CONSULTANT,4,0,1,5,819,0,0
31395742,CONSULTANT,0,2,0,5,741,0,0
93349646,CONSULTANT,0,3,0,5,1114,2,0
25694422,CONSULTANT,0,7,3,4,690,2,-1
26291616,CONSULTANT,0,14,0,5,786,2,-1
11020140,CONSULTANT,0,0,0,4,709,0,1
93459677,CONSULTANT,5,4,0,4,1286,2,1
18079050,CONSULTANT,0,1,0,4,680,0,1
25213006,CONSULTANT,0,0,0,4,688,0,1
14517953,CONSULTANT,0,0,1,4,677,0,1
39308779,CONSULTANT,0,3,2,4,849,0,1
51724595,CONSULTANT,0,0,1,5,933,0,0
22259768,CONSULTANT,5,0,0,4,1322,0,1
10332998,CONSULTANT,0,0,0,3,721,0,2
24643412,CONSULTANT,0,0,0,4,1050,0,1
69181350,CONSULTANT,0,0,1,6,901,2,3
18856440,CONSULTANT,0,0,0,4,1087,0,1
15433732,CONSULTANT,0,2,1,5,695,2,0
15281412,CONSULTANT,0,1,0,4,881,0,1
15699744,CONSULTANT,0,0,5,5,790,2,0
28951817,CONSULTANT,3,0,0,4,799,0,1
38165833,CONSULTANT,0,0,0,4,218,0,1
13586069,CONSULTANT,0,0,0,3,811,0,2
30083884,CONSULTANT,0,1,0,5,573,0,0
51432451,CONSULTANT,0,0,0,4,839,0,1
31169070,CONSULTANT,0,0,2,3,1099,0,2
29723311,CONSULTANT,0,1,0,6,1342,2,3
22485475,CONSULTANT,15,1,0,5,670,1,0
22556198,CONSULTANT,0,1,1,5,1102,2,0
30863060,CONSULTANT,0,0,0,5,1125,0,0
78016758,CONSULTANT,0,4,1,4,717,0,1
12897903,CONSULTANT,0,1,1,4,757,0,1
34875813,CONSULTANT,0,3,0,8,974,2,-1
11333660,CONSULTANT,0,0,0,5,830,0,0
21366189,CONSULTANT,0,3,0,4,837,0,1
32637306,CONSULTANT,15,0,1,5,1000,1,0
71888547,CONSULTANT,0,0,0,5,810,0,0
29770086,CONSULTANT,0,1,2,5,921,2,0
99714410,CONSULTANT,0,0,8,4,1019,2,-1
39441617,CONSULTANT,0,8,0,4,1130,2,1
12374933,CONSULTANT,0,1,3,6,1542,2,-1
20176584,CONSULTANT,25,8,12,4,1413,1,-1
32433431,CONSULTANT,0,0,1,6,831,2,3
88691367,CONSULTANT,0,0,2,6,632,2,3
17025292,CONSULTANT,0,0,0,5,735,0,0
23302948,CONSULTANT,0,0,2,4,1110,0,1
24828381,CONSULTANT,0,6,1,5,845,2,0
38896303,CONSULTANT,0,6,1,3,797,0,2
31217840,CONSULTANT,0,5,1,6,1438,2,3
38399177,CONSULTANT,0,0,0,4,286,0,1
19161572,CONSULTANT,0,3,0,3,212,0,2
29647215,CONSULTANT,0,0,0,5,1068,0,0
73075521,CONSULTANT,0,1,1,5,1568,2,0
17983957,CONSULTANT,0,0,0,5,661,0,0
20314980,CONSULTANT,0,4,5,4,1812,2,-1
21512769,CONSULTANT,0,0,0,3,618,0,2
21568833,CONSULTANT,0,2,0,4,714,0,1
27726066,CONSULTANT,5,7,1,6,1191,2,-1
91189201,CONSULTANT,0,0,1,3,697,0,2
95429627,CONSULTANT,0,1,2,4,1051,0,1
12526702,CONSULTANT,15,0,2,4,838,1,1
92246939,CONSULTANT,0,1,0,4,1551,0,1
48533663,CONSULTANT,0,1,1,4,899,0,1
38457612,CONSULTANT,0,6,0,4,766,2,1
27788376,CONSULTANT,0,0,0,5,338,0,0
31016926,CONSULTANT,0,2,0,5,1156,2,0
43378989,CONSULTANT,0,0,0,4,308,0,1
13454871,CONSULTANT,6,0,0,4,771,0,1
19936735,CONSULTANT,0,0,1,3,278,0,2
33919379,CONSULTANT,0,3,0,4,328,0,1
95350373,CONSULTANT,0,2,0,4,641,0,1
15602094,CONSULTANT,0,2,0,5,842,0,0
95792386,CONSULTANT,0,1,0,5,1339,2,0
28243590,CONSULTANT,20,0,0,5,323,1,-1
14593060,CONSULTANT,15,8,0,4,1136,1,-1
13313917,CONSULTANT,15,2,5,5,705,1,-1
12251115,CONSULTANT,5,0,0,3,393,0,2
20574232,CONSULTANT,20,1,2,5,742,1,-1
12955994,CONSULTANT,0,6,0,6,1092,2,3
16964217,CONSULTANT,0,7,0,4,775,2,1
13215696,CONSULTANT,0,0,0,3,1219,0,2
29196643,CONSULTANT,0,0,0,4,1009,0,1
22351830,CONSULTANT,0,1,2,4,929,0,1
11415967,CONSULTANT,0,1,0,6,707,2,3
29297393,CONSULTANT,0,4,4,6,1748,2,-1
18227306,CONSULTANT,0,0,2,4,738,0,1
31201660,CONSULTANT,0,4,4,6,675,2,-1
25258040,CONSULTANT,0,0,0,4,826,0,1
56792999,CONSULTANT,0,5,0,6,669,2,3
22571461,CONSULTANT,0,0,0,5,608,0,0
80527194,CONSULTANT,0,0,0,5,967,0,0
37818861,CONSULTANT,0,0,0,5,408,0,0
91116867,CONSULTANT,5,0,0,4,309,0,1
14346702,CONSULTANT,0,1,0,4,668,0,1
15083600,CONSULTANT,0,0,0,5,756,0,0
63670997,CONSULTANT,0,1,0,6,649,2,3
17307206,CONSULTANT,0,1,0,4,829,0,1
67406885,CONSULTANT,0,0,2,4,1112,0,1
57364820,CONSULTANT,0,1,0,7,904,2,4
79570655,CONSULTANT,0,4,0,3,194,0,2
13569152,CONSULTANT,0,1,1,3,696,0,2
65062795,CONSULTANT,0,2,0,6,655,2,3
10984392,CONSULTANT,0,0,1,5,856,0,0
49777184,CONSULTANT,0,0,0,6,964,2,3
11835339,CONSULTANT,0,4,0,4,1223,2,1
21156767,CONSULTANT,6,0,2,5,749,0,0
26234972,CONSULTANT,0,2,0,5,915,2,0
15535920,CONSULTANT,0,5,2,6,1656,2,-1
26919036,CONSULTANT,0,0,0,6,735,2,3
57601040,CONSULTANT,0,0,0,6,997,2,3
29076405,CONSULTANT,0,0,0,4,929,0,1
26167298,CONSULTANT,0,2,6,6,2018,2,-1
13837784,DIGITAL-MEDIA,0,0,2,4,346,0,1
16509761,DIGITAL-MEDIA,0,0,0,4,254,0,1
29915354,DIGITAL-MEDIA,0,0,0,6,647,0,3
82929064,DIGITAL-MEDIA,0,0,1,3,303,0,2
10515955,DIGITAL-MEDIA,0,0,0,4,772,0,1
14945250,DIGITAL-MEDIA,0,0,4,5,1085,2,0
28609364,DIGITAL-MEDIA,0,2,0,5,702,0,0
19861776,DIGITAL-MEDIA,0,0,4,4,1333,2,1
14036515,DIGITAL-MEDIA,0,0,0,4,655,0,1
11005406,DIGITAL-MEDIA,0,1,1,4,811,0,1
17132168,DIGITAL-MEDIA,0,1,0,5,867,0,0
15353911,DIGITAL-MEDIA,0,0,0,4,237,0,1
18501746,DIGITAL-MEDIA,0,0,0,3,412,0,2
26341987,DIGITAL-MEDIA,20,2,1,4,2050,1,-1
27419236,DIGITAL-MEDIA,0,15,0,7,1222,2,-1
13328680,DIGITAL-MEDIA,0,6,7,6,815,2,-1
17584743,DIGITAL-MEDIA,0,1,1,4,722,0,1
14761906,DIGITAL-MEDIA,0,0,0,5,728,0,0
31162167,DIGITAL-MEDIA,5,0,0,4,718,0,1
15226699,DIGITAL-MEDIA,0,2,0,6,701,2,3
25525152,DIGITAL-MEDIA,0,0,0,4,329,0,1
13343786,DIGITAL-MEDIA,0,4,0,5,845,2,0
15484097,DIGITAL-MEDIA,0,3,0,7,945,2,4
25723793,DIGITAL-MEDIA,0,1,0,3,674,0,2
19444529,DIGITAL-MEDIA,0,0,0,4,791,0,1
33893326,DIGITAL-MEDIA,0,4,0,6,887,2,3
18442517,DIGITAL-MEDIA,0,1,0,7,1079,2,4
40883703,DIGITAL-MEDIA,12,0,12,4,511,1,-1
27981289,DIGITAL-MEDIA,0,5,0,4,514,0,1
18900722,DIGITAL-MEDIA,0,0,1,4,756,0,1
28109594,DIGITAL-MEDIA,0,0,0,5,843,0,0
31929166,DIGITAL-MEDIA,0,0,2,5,450,0,0
24574164,DIGITAL-MEDIA,0,0,2,3,1498,0,-1
23085604,DIGITAL-MEDIA,20,0,1,4,3301,1,-1
27080812,DIGITAL-MEDIA,0,0,7,5,854,2,-1
14209965,DIGITAL-MEDIA,0,2,0,6,1013,2,3
20330739,DIGITAL-MEDIA,0,0,1,3,844,0,2
37739183,DIGITAL-MEDIA,0,0,20,5,1769,2,-1
14771530,DIGITAL-MEDIA,0,0,1,6,334,0,3
62700506,DIGITAL-MEDIA,0,1,0,4,1113,0,1
34319869,DIGITAL-MEDIA,0,0,0,4,634,0,1
30999638,DIGITAL-MEDIA,0,0,0,5,543,0,0
11677012,DIGITAL-MEDIA,0,0,0,5,330,0,0
18525641,DIGITAL-MEDIA,9,0,1,4,816,0,1
91539554,DIGITAL-MEDIA,0,0,0,4,643,0,1
13503650,DIGITAL-MEDIA,0,2,0,5,663,0,0
23864858,DIGITAL-MEDIA,0,0,1,3,691,0,2
24658786,DIGITAL-MEDIA,17,0,1,5,985,1,0
39166680,DIGITAL-MEDIA,0,0,0,5,910,0,0
25038571,DIGITAL-MEDIA,0,0,2,5,739,0,0
33542483,DIGITAL-MEDIA,0,0,1,5,695,0,0
58915642,DIGITAL-MEDIA,0,0,1,3,845,0,2
18927233,DIGITAL-MEDIA,0,1,1,5,343,0,0
16893572,DIGITAL-MEDIA,0,0,4,5,853,2,0
18488289,DIGITAL-MEDIA,0,2,0,6,705,2,3
31909493,DIGITAL-MEDIA,0,0,0,4,1058,0,1
29002596,DIGITAL-MEDIA,0,2,1,5,1081,2,0
73282756,DIGITAL-MEDIA,0,0,1,5,1217,2,0
94492380,DIGITAL-MEDIA,0,0,1,3,783,0,2
18905648,DIGITAL-MEDIA,0,1,0,2,257,0,-1
70196518,DIGITAL-MEDIA,0,0,1,4,368,0,1
56952849,DIGITAL-MEDIA,15,2,0,5,1138,1,-1
40311088,DIGITAL-MEDIA,0,0,0,6,683,2,3
19053815,DIGITAL-MEDIA,0,0,0,4,943,0,1
10005171,DIGITAL-MEDIA,0,0,0,4,772,0,1
26160200,DIGITAL-MEDIA,0,0,0,5,826,0,0
59011090,DIGITAL-MEDIA,0,0,0,4,391,0,1
34583750,DIGITAL-MEDIA,0,0,1,4,422,0,1
22380187,DIGITAL-MEDIA,0,0,0,3,298,0,2
24953921,DIGITAL-MEDIA,0,0,0,5,856,0,0
20490741,DIGITAL-MEDIA,0,0,0,5,1869,2,0
21125113,DIGITAL-MEDIA,0,0,0,5,845,0,0
11270462,DIGITAL-MEDIA,0,0,0,5,861,0,0
90685127,DIGITAL-MEDIA,0,0,3,5,424,0,0
20628003,DIGITAL-MEDIA,0,1,0,4,272,0,1
30504149,DIGITAL-MEDIA,0,0,1,4,580,0,1
25706337,DIGITAL-MEDIA,0,0,0,4,331,0,1
91318828,DIGITAL-MEDIA,0,0,0,3,631,0,2
42156237,DIGITAL-MEDIA,0,0,0,4,379,0,1
80679862,DIGITAL-MEDIA,0,1,2,5,1285,2,0
16276121,DIGITAL-MEDIA,0,0,0,5,484,0,0
27921561,DIGITAL-MEDIA,0,1,0,5,1000,0,0
50219114,DIGITAL-MEDIA,0,0,2,4,806,0,1
30864828,DIGITAL-MEDIA,0,0,0,5,636,0,0
17562754,DIGITAL-MEDIA,30,0,0,4,850,1,-1
24679149,DIGITAL-MEDIA,0,2,2,4,703,0,1
81508860,DIGITAL-MEDIA,0,0,0,5,972,0,0
28679359,DIGITAL-MEDIA,10,4,0,7,1146,2,-1
14556869,DIGITAL-MEDIA,0,1,0,5,596,0,0
23810469,DIGITAL-MEDIA,13,0,0,5,869,1,0
16536141,DIGITAL-MEDIA,0,0,1,6,987,2,3
12085736,DIGITAL-MEDIA,7,1,0,5,766,0,0
20210676,DIGITAL-MEDIA,10,0,0,5,470,1,0
22706174,DIGITAL-MEDIA,0,0,0,5,695,0,0
18354623,DIGITAL-MEDIA,0,0,1,6,845,2,3
17432318,DIGITAL-MEDIA,0,0,0,5,535,0,0
11797122,AUTOMOBILE,20,4,0,3,1001,1,-1
16332293,AUTOMOBILE,0,0,0,4,213,0,1
28790806,AUTOMOBILE,0,3,0,6,920,2,3
91515108,AUTOMOBILE,0,3,0,6,632,2,3
32109048,AUTOMOBILE,0,3,0,4,693,0,1
11152490,AUTOMOBILE,0,6,0,5,1763,2,0
99680385,AUTOMOBILE,0,2,0,7,1286,2,4
15790602,AUTOMOBILE,0,0,1,3,899,0,2
17510973,AUTOMOBILE,0,1,0,5,561,0,0
23522150,AUTOMOBILE,8,0,0,3,651,0,2
11257723,AUTOMOBILE,0,0,0,5,439,0,0
14455622,AUTOMOBILE,0,1,3,3,863,0,2
84295343,AUTOMOBILE,0,0,0,4,278,0,1
78357954,AUTOMOBILE,0,0,0,5,794,0,0
24703983,AUTOMOBILE,0,0,0,4,283,0,1
47487091,AUTOMOBILE,10,0,0,4,840,1,1
23009962,AUTOMOBILE,15,2,4,5,683,1,-1
22732234,AUTOMOBILE,0,0,0,4,799,0,1
18448085,AUTOMOBILE,0,1,1,5,462,0,0
11887930,AUTOMOBILE,0,5,0,6,852,2,3
14508237,AUTOMOBILE,0,4,0,5,822,2,0
15100547,AUTOMOBILE,13,1,0,5,661,1,0
97449528,AUTOMOBILE,12,1,0,5,885,1,0
26341645,AUTOMOBILE,0,0,0,4,974,0,1
82140102,AUTOMOBILE,0,4,0,4,929,0,1
17571262,AUTOMOBILE,0,0,0,4,659,0,1
32069695,AUTOMOBILE,0,2,0,3,994,0,2
22946204,AUTOMOBILE,0,0,0,4,738,0,1
63989974,AUTOMOBILE,0,1,1,5,692,0,0
15484011,AUTOMOBILE,0,14,0,5,636,2,-1
18932512,AUTOMOBILE,0,0,0,5,767,0,0
15210069,AUTOMOBILE,0,0,0,4,609,0,1
25047127,AUTOMOBILE,0,0,0,4,440,0,1
22452756,AUTOMOBILE,0,2,0,4,804,0,1
24592627,AUTOMOBILE,0,2,0,4,684,0,1
51508889,AUTOMOBILE,10,0,1,4,2889,1,-1
15180322,CHEF,0,2,0,4,1046,0,1
24221960,CHEF,0,1,0,4,506,0,1
24673903,CHEF,0,0,0,3,240,0,2
19007667,CHEF,0,0,0,3,189,0,2
30311202,CHEF,0,0,1,5,827,0,0
11121498,CHEF,0,0,0,3,854,0,2
32518109,CHEF,0,0,0,5,286,0,0
26718039,CHEF,0,0,0,3,193,0,2
23568731,CHEF,2,1,1,4,1171,0,1
14663897,CHEF,0,2,2,4,5080,2,-1
21904897,CHEF,0,0,0,4,442,0,1
23591247,CHEF,0,0,0,4,286,0,1
16594812,CHEF,0,1,0,4,273,0,1
19831366,CHEF,0,1,0,4,251,0,1
16804396,CHEF,0,1,0,4,627,0,1
92122785,CHEF,0,4,0,4,873,0,1
27831220,CHEF,0,2,0,4,668,0,1
13411858,CHEF,0,0,0,5,1099,0,0
25924968,CHEF,0,1,0,3,849,0,2
34252537,CHEF,12,2,0,4,1257,1,1
81373857,CHEF,0,0,0,4,408,0,1
92985983,CHEF,0,2,0,4,650,0,1
34452806,CHEF,0,2,0,3,784,0,2
21611637,CHEF,0,3,1,4,1016,0,1
13095891,CHEF,0,0,0,3,918,0,2
12717345,CHEF,0,1,1,4,691,0,1
23841877,CHEF,28,1,0,3,716,1,-1
23032276,CHEF,0,7,1,3,1650,2,-1
32605413,CHEF,0,0,2,4,803,0,1
65373280,CHEF,0,0,4,4,1979,2,-1
27909372,CHEF,0,3,0,4,684,0,1
47603843,CHEF,0,0,0,4,321,0,1
11444536,CHEF,0,0,1,6,646,2,3
25953797,CHEF,0,1,0,4,176,0,1
23185829,CHEF,4,1,1,4,771,0,1
21869994,CHEF,0,0,1,4,782,0,1
28424982,CHEF,0,0,0,3,700,0,2
47317494,CHEF,0,0,0,4,164,0,1
29784524,CHEF,30,0,0,5,730,1,-1
10001727,CHEF,0,6,0,4,677,2,1
74522938,CHEF,20,3,3,5,1033,1,-1
91591026,CHEF,0,4,0,4,780,0,1
21511817,CHEF,0,1,1,4,839,0,1
35468363,CHEF,14,0,0,2,149,1,-1
37231163,CHEF,0,2,0,5,487,0,0
16924102,CHEF,29,3,0,5,453,1,-1
28092317,CHEF,0,0,0,4,293,0,1
16855929,CHEF,0,0,0,4,912,0,1
29211359,CHEF,0,1,0,5,798,0,0
27820360,CHEF,0,0,0,4,903,0,1
48580330,CHEF,0,8,0,4,891,2,1
29072179,CHEF,0,1,1,4,864,0,1
94047639,CHEF,16,0,0,4,1429,1,-1
21622444,CHEF,0,1,0,3,906,0,2
33964275,CHEF,0,0,0,4,1449,0,1
21101152,CHEF,0,2,1,3,1223,0,2
25128608,CHEF,0,2,0,3,716,0,2
18825446,CHEF,0,1,1,4,1030,0,1
61322296,CHEF,0,0,1,3,911,0,2
20817322,CHEF,22,1,4,4,713,1,-1
29449419,CHEF,0,2,2,6,716,2,3
20321582,CHEF,0,3,0,5,844,2,0
19285236,CHEF,0,3,1,4,804,0,1
13264154,CHEF,0,0,0,4,877,0,1
47729453,CHEF,0,0,0,4,701,0,1
51554903,CHEF,0,0,2,3,868,0,2
14569498,CHEF,0,1,2,3,461,0,2
22561438,CHEF,0,1,0,2,271,0,-1
12420359,CHEF,0,0,0,5,781,0,0
16248476,CHEF,4,1,0,4,257,0,1
10653119,CHEF,0,4,6,6,1120,2,-1
11209758,CHEF,15,1,3,5,833,1,0
86551046,CHEF,0,0,4,4,399,0,1
23807940,CHEF,0,3,4,5,1038,2,0
29775391,CHEF,14,8,3,4,1222,1,-1
53265899,CHEF,0,0,0,4,869,0,1
38309905,CHEF,0,1,2,4,742,0,1
29772450,CHEF,0,0,1,4,512,0,1
21334981,CHEF,0,3,0,5,779,2,0
10276858,CHEF,0,0,0,4,757,0,1
10588874,CHEF,0,2,1,3,911,0,2
35157762,CHEF,0,3,0,4,731,0,1
91072502,CHEF,0,0,0,3,732,0,2
13212436,CHEF,0,0,0,5,950,0,0
15261348,CHEF,0,1,2,4,627,0,1
27662298,CHEF,0,1,4,4,793,0,1
16066857,CHEF,0,0,5,3,867,0,-1
30337969,CHEF,0,1,0,3,743,0,2
10333299,CHEF,0,2,0,4,711,0,1
28396528,CHEF,4,2,0,4,1125,0,1
19268120,CHEF,5,6,1,5,1018,2,-1
20691949,CHEF,0,0,0,4,433,0,1
26189601,CHEF,0,2,1,6,739,2,3
30826569,CHEF,15,2,1,3,731,1,-1
91268638,CHEF,0,0,0,4,903,0,1
18036030,CHEF,0,0,0,6,714,2,3
36366044,CHEF,0,0,1,5,1242,2,0
23398733,CHEF,0,1,0,4,192,0,1
29990140,CHEF,15,0,1,6,862,1,-1
30128072,CHEF,0,0,0,3,274,0,2
28176889,CHEF,0,2,0,5,405,0,0
10889157,CHEF,0,1,0,4,1158,0,1
19951766,CHEF,0,2,0,4,764,0,1
57262959,CHEF,0,0,1,4,661,0,1
20033302,CHEF,15,0,5,5,736,1,-1
24709432,CHEF,0,2,0,3,650,0,2
62555739,CHEF,8,0,0,4,967,0,1
31547476,CHEF,0,3,0,4,688,0,1
18480859,CHEF,0,7,1,4,793,2,1
12254068,CHEF,0,2,0,3,896,0,2
11432686,CHEF,0,0,6,5,1417,2,-1
25452321,CHEF,0,0,0,4,1113,0,1
28230807,CHEF,0,4,0,5,931,2,0
15354126,CHEF,15,2,0,4,696,1,1
12155206,CHEF,0,1,0,4,648,0,1
27298953,CHEF,0,2,0,5,869,2,0
68338341,CHEF,0,4,2,4,769,2,1
22349169,CHEF,12,1,2,4,675,1,1
11877150,FINANCE,0,1,0,6,464,0,3
86549455,FINANCE,0,0,0,4,373,0,1
26530575,FINANCE,0,6,1,4,1203,2,1
23955183,FINANCE,0,0,0,4,744,0,1
24854026,FINANCE,0,0,0,5,432,0,0
48285304,FINANCE,0,0,5,4,531,0,1
14722634,FINANCE,0,0,0,5,968,0,0
27789372,FINANCE,3,0,0,4,256,0,1
26767199,FINANCE,0,0,1,5,741,0,0
15891494,FINANCE,0,0,1,5,869,0,0
78229715,FINANCE,0,0,0,5,805,0,0
22720697,FINANCE,20,1,0,4,718,1,1
70541112,FINANCE,12,0,1,4,1083,1,1
20705888,FINANCE,0,0,0,3,720,0,2
28522529,FINANCE,0,3,1,6,758,2,3
19147603,FINANCE,0,2,0,4,650,0,1
11490673,FINANCE,0,1,0,3,627,0,2
84356308,FINANCE,16,9,2,5,1281,1,-1
91564103,FINANCE,0,0,0,4,750,0,1
22622351,FINANCE,0,0,3,4,723,0,1
61634281,FINANCE,0,0,1,5,550,0,0
24530382,FINANCE,0,1,4,5,957,2,0
27018361,FINANCE,0,1,0,6,829,2,3
92524964,FINANCE,0,0,0,3,772,0,2
19405513,FINANCE,0,0,1,5,661,0,0
17775916,FINANCE,9,0,0,4,903,0,1
18975686,FINANCE,0,3,4,5,771,2,0
28758002,FINANCE,0,0,1,6,717,2,3
59938965,FINANCE,0,0,0,5,334,0,0
28396458,FINANCE,0,0,1,5,1110,2,0
27914096,FINANCE,0,0,0,4,751,0,1
57088974,FINANCE,0,0,1,5,689,0,0
26231609,FINANCE,0,0,0,5,714,0,0
20836112,FINANCE,0,0,0,4,477,0,1
28398216,FINANCE,0,2,0,4,650,0,1
26961846,FINANCE,0,1,1,4,1009,0,1
37931076,FINANCE,6,0,0,4,400,0,1
16426777,FINANCE,0,0,3,3,1093,0,2
26750846,FINANCE,0,2,0,6,672,2,3
28623782,FINANCE,0,0,3,5,1026,2,0
81677620,FINANCE,0,3,0,6,1255,2,3
14413148,FINANCE,0,0,1,5,798,0,0
76454959,FINANCE,0,0,0,5,764,0,0
11441764,FINANCE,0,0,0,5,795,0,0
24411323,FINANCE,0,1,2,4,407,0,1
33685988,FINANCE,0,2,0,5,684,0,0
62850928,FINANCE,0,1,1,5,717,0,0
34250007,FINANCE,0,0,0,5,755,0,0
74849878,FINANCE,0,1,1,4,280,0,1
25497147,FINANCE,0,0,1,5,637,0,0
31948488,FINANCE,0,1,0,5,622,0,0
18640927,FINANCE,0,3,0,5,1015,2,0
77638654,FINANCE,0,4,2,3,691,0,2
38441665,FINANCE,0,2,0,6,648,2,3
18072085,FINANCE,0,0,0,4,902,0,1
14408510,FINANCE,0,0,0,4,625,0,1
12858898,FINANCE,0,2,1,6,702,2,3
24670867,FINANCE,0,0,0,6,1211,2,3
29648950,FINANCE,0,0,1,4,764,0,1
27330027,FINANCE,0,0,0,5,636,0,0
17880988,FINANCE,0,1,2,6,993,2,3
15011085,FINANCE,0,1,0,5,2667,2,-1
20977412,FINANCE,0,1,1,4,951,0,1
26013403,FINANCE,0,5,1,5,742,2,0
84373843,FINANCE,4,0,0,4,867,0,1
21912637,FINANCE,0,1,1,4,723,0,1
14181049,FINANCE,0,0,0,4,1274,0,1
29998869,FINANCE,0,2,1,5,974,2,0
18024825,FINANCE,0,0,0,5,734,0,0
28973180,FINANCE,3,0,0,7,1246,2,4
23573064,FINANCE,0,1,0,5,758,0,0
10549585,FINANCE,0,0,2,3,737,0,2
23354541,FINANCE,0,0,0,4,287,0,1
29494962,FINANCE,0,1,0,5,698,0,0
81217013,FINANCE,0,0,2,4,1210,0,1
39675895,FINANCE,0,0,0,5,724,0,0
12071138,FINANCE,0,0,2,6,1382,2,3
25330083,FINANCE,0,0,0,5,694,0,0
69487178,FINANCE,0,2,0,4,620,0,1
86595128,FINANCE,0,0,2,3,681,0,2
74512244,FINANCE,0,3,3,5,693,2,0
25678238,FINANCE,0,0,0,3,916,0,2
38907798,FINANCE,0,0,0,4,689,0,1
58165257,FINANCE,0,0,0,4,751,0,1
93653247,FINANCE,0,0,5,6,914,2,3
29612672,FINANCE,0,0,0,5,822,0,0
66741193,FINANCE,0,2,3,4,963,2,1
24553863,FINANCE,0,0,0,4,845,0,1
16449850,FINANCE,0,0,0,4,683,0,1
47410104,FINANCE,0,4,1,4,645,0,1
38225199,FINANCE,0,2,0,6,820,2,3
14106638,FINANCE,0,5,1,5,1099,2,0
19243556,FINANCE,25,0,2,3,727,1,-1
20880935,FINANCE,0,0,1,4,724,0,1
95519832,FINANCE,0,1,0,5,401,0,0
39295103,FINANCE,0,0,0,5,647,0,0
25101183,FINANCE,0,4,5,6,951,2,-1
88038965,FINANCE,0,3,3,4,807,2,1
17392859,FINANCE,0,0,0,5,866,0,0
20969845,FINANCE,0,0,0,6,533,0,3
20275356,FINANCE,0,0,0,3,701,0,2
59818742,FINANCE,1,4,0,6,936,2,3
72136463,FINANCE,0,2,0,6,989,2,3
98513424,FINANCE,0,1,1,5,981,2,0
15717923,FINANCE,5,0,0,3,774,0,2
24833063,FINANCE,0,4,2,7,1440,2,-1
15792052,FINANCE,0,1,0,5,714,0,0
59450123,FINANCE,0,0,2,5,955,2,0
24611721,FINANCE,0,0,0,4,634,0,1
15224503,FINANCE,0,1,1,5,768,0,0
27409087,FINANCE,0,3,0,6,1297,2,3
20918464,FINANCE,0,4,0,6,855,2,3
19540089,FINANCE,0,5,0,6,1136,2,3
28724469,FINANCE,0,2,1,6,934,2,3
18636651,FINANCE,0,1,6,4,908,2,1
59777056,FINANCE,0,0,0,6,634,0,3
22492537,FINANCE,0,0,1,5,745,0,0
24967652,FINANCE,0,8,1,4,1240,2,-1
24533931,APPAREL,0,0,0,4,250,0,1
21807211,APPAREL,0,1,1,4,793,0,1
71767359,APPAREL,0,0,1,4,1289,0,1
27694040,APPAREL,0,0,0,4,265,0,1
15535408,APPAREL,4,0,0,4,674,0,1
13386301,APPAREL,0,0,3,4,920,0,1
27091280,APPAREL,0,0,1,5,1225,2,0
14413257,APPAREL,0,15,0,5,788,2,-1
11677077,APPAREL,0,0,0,4,1110,0,1
29521434,APPAREL,0,0,0,4,283,0,1
50324968,APPAREL,0,0,0,4,402,0,1
13764840,APPAREL,0,0,0,4,291,0,1
19070271,APPAREL,7,0,0,4,813,0,1
56151548,APPAREL,0,0,0,4,654,0,1
16391949,APPAREL,0,0,0,4,675,0,1
13418452,APPAREL,0,10,1,4,992,2,-1
27099856,APPAREL,0,0,3,4,979,0,1
26046878,APPAREL,0,0,0,5,647,0,0
35121930,APPAREL,0,3,0,4,784,0,1
10182582,APPAREL,0,1,0,5,302,0,0
12669075,APPAREL,0,4,0,6,620,2,3
16915389,APPAREL,0,0,0,3,332,0,2
12668625,APPAREL,0,0,0,3,826,0,2
14698557,APPAREL,0,0,0,4,669,0,1
27549075,APPAREL,0,1,0,3,639,0,2
31225895,APPAREL,0,0,0,3,703,0,2
15479281,APPAREL,0,0,0,5,687,0,0
26691587,APPAREL,0,3,0,7,737,2,4
11232471,APPAREL,0,0,0,4,286,0,1
21007083,APPAREL,0,0,1,4,250,0,1
20905088,APPAREL,0,1,1,4,1051,0,1
16723524,APPAREL,0,0,0,5,832,0,0
14937492,APPAREL,0,0,4,4,918,0,1
72807293,APPAREL,0,2,2,5,683,2,0
30344127,APPAREL,0,0,1,5,950,0,0
23719943,APPAREL,0,0,4,6,729,2,3
58208591,APPAREL,0,4,0,4,1596,2,-1
15154822,APPAREL,15,0,0,5,692,1,0
46514339,APPAREL,0,0,2,4,752,0,1
11409460,APPAREL,0,1,0,4,397,0,1
99806115,APPAREL,0,0,0,4,847,0,1
29640922,APPAREL,0,4,0,5,986,2,0
12860543,APPAREL,0,1,0,6,859,2,3
29764492,APPAREL,0,2,0,6,1515,2,3
91533580,APPAREL,0,0,1,5,683,0,0
13807808,APPAREL,0,0,0,3,345,0,2
16605640,APPAREL,0,0,0,5,813,0,0
17714174,APPAREL,13,0,0,6,1735,1,-1
28998957,APPAREL,0,0,0,4,846,0,1
71499299,APPAREL,0,3,1,5,651,2,0
30430249,APPAREL,0,0,0,4,832,0,1
10876132,APPAREL,0,1,0,5,756,0,0
18509268,APPAREL,0,0,0,4,663,0,1
35571205,APPAREL,0,1,0,4,1091,0,1
23190306,APPAREL,0,0,0,5,651,0,0
29028935,APPAREL,0,2,0,4,869,0,1
12059610,APPAREL,0,0,0,3,921,0,2
26829561,APPAREL,0,3,4,6,433,2,-1
78273826,APPAREL,0,0,1,5,1110,2,0
27176039,APPAREL,0,0,3,6,755,2,3
22249155,APPAREL,0,0,0,4,650,0,1
25142074,APPAREL,0,3,1,5,424,0,0
19402977,APPAREL,0,0,0,5,362,0,0
13858219,APPAREL,0,0,1,4,286,0,1
15746146,APPAREL,0,0,0,5,1031,0,0
17659053,APPAREL,0,0,1,5,921,0,0
26586477,APPAREL,0,0,3,4,685,0,1
37750854,APPAREL,0,0,2,5,797,0,0
33665485,APPAREL,0,0,1,5,665,0,0
26098594,APPAREL,0,1,0,3,758,0,2
91026230,APPAREL,0,3,0,5,809,2,0
16985289,APPAREL,0,0,0,5,711,0,0
54308684,APPAREL,0,1,0,5,1022,0,0
10562768,APPAREL,0,17,1,5,828,2,-1
41586420,APPAREL,0,1,0,4,1053,0,1
21570485,APPAREL,0,0,0,4,796,0,1
12122372,APPAREL,0,0,0,3,358,0,2
14304010,APPAREL,0,0,0,5,676,0,0
36136569,APPAREL,0,0,0,5,890,0,0
35603950,APPAREL,0,0,0,5,925,0,0
52252936,APPAREL,0,11,2,5,799,2,-1
70750649,APPAREL,7,0,3,3,1205,0,-1
43852883,APPAREL,0,7,0,5,837,2,0
31761591,APPAREL,0,1,4,3,868,0,2
31362807,APPAREL,0,1,3,4,763,0,1
24516163,APPAREL,0,0,0,4,684,0,1
20504094,APPAREL,0,0,0,5,919,0,0
24989856,APPAREL,0,1,0,5,647,0,0
16500168,APPAREL,0,0,0,4,845,0,1
35985133,APPAREL,0,1,0,5,1136,2,0
22852364,APPAREL,0,2,3,5,824,2,0
83566455,APPAREL,0,0,0,4,706,0,1
10738095,APPAREL,0,2,0,4,1117,0,1
36094883,APPAREL,0,1,0,6,655,2,3
19714635,APPAREL,0,0,2,5,1513,2,0
56025640,APPAREL,0,1,0,4,915,0,1
25543217,APPAREL,0,0,0,5,797,0,0
14206561,ENGINEERING,0,2,0,5,433,0,0
15139979,ENGINEERING,20,2,0,5,1714,1,-1
44624796,ENGINEERING,25,0,0,4,457,1,-1
54227873,ENGINEERING,0,0,0,5,913,0,0
28005884,ENGINEERING,0,2,0,5,619,0,0
82246962,ENGINEERING,10,2,0,4,1049,1,1
13149176,ENGINEERING,0,0,0,4,879,0,1
12022566,ENGINEERING,0,0,0,4,740,0,1
20981299,ENGINEERING,0,0,2,5,735,0,0
25919149,ENGINEERING,0,1,1,3,644,0,2
86828820,ENGINEERING,0,1,0,4,669,0,1
28320387,ENGINEERING,0,0,0,5,639,0,0
27756469,ENGINEERING,0,1,1,5,743,0,0
14049846,ENGINEERING,0,0,0,5,743,0,0
43752620,ENGINEERING,0,1,0,6,928,2,3
74236636,ENGINEERING,0,2,0,6,777,2,3
47549345,ENGINEERING,0,3,0,7,539,2,4
28505854,ENGINEERING,0,1,0,6,1172,2,3
38535335,ENGINEERING,0,1,0,4,216,0,1
25608963,ENGINEERING,0,1,1,5,849,0,0
24647794,ENGINEERING,0,0,0,3,707,0,2
16803215,ENGINEERING,0,0,0,4,760,0,1
37335325,ENGINEERING,0,2,3,5,1220,2,0
81125166,ENGINEERING,0,0,1,4,1265,0,1
32081266,ENGINEERING,0,0,2,6,1392,2,3
25797445,ENGINEERING,0,0,0,3,641,0,2
28831378,ENGINEERING,0,1,0,6,715,2,3
50328713,ENGINEERING,0,0,1,4,1209,0,1
27040860,ENGINEERING,0,0,0,4,440,0,1
21807224,ENGINEERING,20,4,1,4,369,1,-1
17926546,ENGINEERING,8,0,0,4,824,0,1
20882041,ENGINEERING,0,0,1,5,826,0,0
56691064,ENGINEERING,0,3,0,4,842,0,1
64755882,ENGINEERING,0,1,1,5,648,0,0
30097175,ENGINEERING,0,6,0,5,644,2,0
28628090,ENGINEERING,20,1,0,6,1529,1,-1
19612167,ENGINEERING,9,0,1,4,406,0,1
21298336,ENGINEERING,0,0,0,4,156,0,1
25930778,ENGINEERING,0,0,0,5,276,0,0
31684925,ENGINEERING,0,3,0,5,816,2,0
39855211,ENGINEERING,0,0,0,4,940,0,1
12518008,ENGINEERING,6,3,0,6,968,2,-1
20566550,ENGINEERING,0,4,0,5,988,2,0
55953734,ENGINEERING,0,1,0,5,710,0,0
23234047,ENGINEERING,0,2,0,5,730,0,0
38314236,ENGINEERING,0,1,0,4,457,0,1
25425322,ENGINEERING,0,0,4,5,1029,2,0
55595908,ENGINEERING,0,0,0,3,909,0,2
28631840,ENGINEERING,14,3,2,5,699,1,0
23438227,ENGINEERING,0,3,0,4,804,0,1
35737840,ENGINEERING,3,0,0,5,700,0,0
90280583,ENGINEERING,0,1,5,4,847,2,1
51588273,ENGINEERING,0,0,0,5,372,0,0
15601399,ENGINEERING,0,0,0,5,294,0,0
64468610,ENGINEERING,10,0,2,5,868,1,0
28078163,ENGINEERING,10,0,2,5,874,1,0
31677347,ENGINEERING,0,0,2,5,899,0,0
28762662,ENGINEERING,10,1,2,4,976,1,1
15858254,ENGINEERING,10,2,0,4,614,1,1
16911115,ENGINEERING,0,0,1,5,699,0,0
27152464,ENGINEERING,14,11,3,7,815,2,-1
35651876,ENGINEERING,0,5,0,6,1961,2,-1
19124258,ENGINEERING,0,1,0,5,648,0,0
24322804,ENGINEERING,0,0,1,5,768,0,0
12488356,ENGINEERING,0,3,1,6,891,2,3
26834746,ENGINEERING,0,2,0,5,980,2,0
32985311,ENGINEERING,0,4,0,4,430,0,1
39835894,ENGINEERING,0,0,1,4,956,0,1
21847415,ENGINEERING,0,1,0,5,817,0,0
30288581,ENGINEERING,0,0,2,5,467,0,0
36149549,ENGINEERING,0,1,0,6,637,2,3
17103000,ENGINEERING,0,1,1,4,702,0,1
12011623,ENGINEERING,0,0,4,6,915,2,3
12748557,ENGINEERING,0,0,0,3,751,0,2
28923650,ENGINEERING,0,0,0,4,752,0,1
30542184,ENGINEERING,0,0,1,4,1115,0,1
19396040,ENGINEERING,0,0,0,5,707,0,0
35389360,ENGINEERING,0,7,0,7,1306,2,-1
36517781,ENGINEERING,0,1,0,5,849,0,0
15941675,ENGINEERING,0,2,0,4,647,0,1
19397727,ENGINEERING,0,6,0,4,599,0,1
47919212,ENGINEERING,0,0,0,4,773,0,1
10712803,ENGINEERING,20,2,2,4,1209,1,-1
14554542,ENGINEERING,0,0,2,4,1566,2,1
22605864,ENGINEERING,10,3,0,5,1058,1,0
49127329,ENGINEERING,0,3,0,4,1163,0,1
10219099,ENGINEERING,0,2,0,4,1044,0,1
82125182,ENGINEERING,0,0,0,5,578,0,0
22890839,ENGINEERING,4,2,0,4,802,0,1
17108676,ENGINEERING,0,1,0,4,722,0,1
17488801,ENGINEERING,0,0,2,4,635,0,1
23497307,ENGINEERING,0,0,2,6,906,2,3
19553067,ENGINEERING,0,1,0,5,639,0,0
11981094,ENGINEERING,10,0,2,5,810,1,0
17043822,ENGINEERING,0,4,1,4,898,2,1
21038022,ENGINEERING,0,1,0,6,1085,2,3
60004873,ENGINEERING,0,0,0,4,386,0,1
38220146,ENGINEERING,12,0,0,5,652,1,0
47276718,ENGINEERING,10,3,2,5,1073,1,-1
28630325,ENGINEERING,0,0,0,4,379,0,1
13264796,ENGINEERING,0,0,6,6,2579,2,-1
96029688,ENGINEERING,0,0,4,4,1039,0,1
32802563,ENGINEERING,0,0,0,4,790,0,1
18753367,ENGINEERING,0,4,0,7,979,2,4
26456899,ENGINEERING,0,1,0,4,630,0,1
10985403,ENGINEERING,5,5,1,5,648,2,0
10030015,ENGINEERING,0,2,0,4,371,0,1
86209934,ENGINEERING,0,2,0,4,940,0,1
11890896,ENGINEERING,3,0,0,4,758,0,1
10624813,ENGINEERING,0,0,3,3,974,0,2
61579998,ENGINEERING,0,0,1,5,719,0,0
62071407,ENGINEERING,0,0,1,5,718,0,0
12472574,ENGINEERING,0,2,0,6,2449,2,-1
31694970,ENGINEERING,0,3,5,5,1034,2,-1
33685075,ENGINEERING,14,0,2,5,919,1,0
77828437,ENGINEERING,0,0,2,4,846,0,1
35172961,ENGINEERING,0,0,0,4,759,0,1
21629057,ENGINEERING,0,2,0,6,1068,2,3
15906625,ACCOUNTANT,15,0,0,4,774,1,1
30361788,ACCOUNTANT,0,1,0,4,291,0,1
21031285,ACCOUNTANT,0,0,0,4,759,0,1
25749150,ACCOUNTANT,0,2,0,4,824,0,1
12338274,ACCOUNTANT,0,0,0,5,810,0,0
33527446,ACCOUNTANT,0,3,0,4,808,0,1
12442909,ACCOUNTANT,0,0,0,4,653,0,1
37997506,ACCOUNTANT,0,0,0,5,1021,0,0
37370455,ACCOUNTANT,3,0,0,5,731,0,0
10554236,ACCOUNTANT,0,2,0,5,3459,2,-1
31602598,ACCOUNTANT,35,1,0,6,699,1,-1
19545827,ACCOUNTANT,0,2,0,4,926,0,1
14470533,ACCOUNTANT,20,1,0,6,837,1,-1
43685045,ACCOUNTANT,0,2,1,3,697,0,2
18365791,ACCOUNTANT,0,0,0,4,203,0,1
14224370,ACCOUNTANT,0,0,1,5,425,0,0
21794875,ACCOUNTANT,0,1,0,5,795,0,0
23734441,ACCOUNTANT,0,0,0,4,848,0,1
39115899,ACCOUNTANT,0,2,0,4,639,0,1
23139819,ACCOUNTANT,0,0,0,6,863,2,3
42487883,ACCOUNTANT,0,1,3,5,650,2,0
23636277,ACCOUNTANT,0,2,0,4,859,0,1
21338490,ACCOUNTANT,18,2,0,5,647,1,0
14491649,ACCOUNTANT,0,0,0,5,743,0,0
17407184,ACCOUNTANT,0,1,0,5,671,0,0
30813919,ACCOUNTANT,10,11,2,5,831,2,-1
78403342,ACCOUNTANT,0,2,2,5,867,2,0
20393721,ACCOUNTANT,0,4,2,3,718,0,2
24817041,ACCOUNTANT,0,0,0,4,271,0,1
27980446,ACCOUNTANT,0,0,0,6,709,2,3
25462793,ACCOUNTANT,0,4,0,4,452,0,1
29456173,ACCOUNTANT,0,0,1,5,681,0,0
59403481,ACCOUNTANT,0,2,1,4,747,0,1
13491889,ACCOUNTANT,0,3,0,6,686,2,3
25846894,ACCOUNTANT,0,0,0,4,773,0,1
53640713,ACCOUNTANT,8,4,0,4,1581,2,-1
11163645,ACCOUNTANT,0,1,0,5,628,0,0
23513618,ACCOUNTANT,0,1,0,5,761,0,0
75286906,ACCOUNTANT,0,0,2,4,796,0,1
20253563,ACCOUNTANT,15,0,1,5,674,1,0
16237710,ACCOUNTANT,0,1,0,4,837,0,1
13294301,ACCOUNTANT,0,0,0,3,632,0,2
13130984,ACCOUNTANT,0,0,0,4,510,0,1
25127518,ACCOUNTANT,0,0,0,5,442,0,0
24799301,ACCOUNTANT,0,0,0,4,143,0,1
25067742,ACCOUNTANT,0,1,0,4,344,0,1
15821633,ACCOUNTANT,0,1,1,5,862,0,0
15363277,ACCOUNTANT,0,3,1,6,928,2,3
18132924,ACCOUNTANT,0,3,0,5,856,2,0
63137898,ACCOUNTANT,0,0,0,5,789,0,0
21763056,ACCOUNTANT,0,0,0,4,750,0,1
20624984,ACCOUNTANT,0,0,0,5,644,0,0
25935030,ACCOUNTANT,0,0,0,4,750,0,1
17556527,ACCOUNTANT,0,4,0,5,1147,2,0
28939941,ACCOUNTANT,0,5,0,6,899,2,3
28359817,ACCOUNTANT,0,0,0,4,857,0,1
20345168,ACCOUNTANT,0,0,0,5,465,0,0
14496667,ACCOUNTANT,0,1,0,5,681,0,0
25862026,ACCOUNTANT,0,0,0,4,753,0,1
23246831,ACCOUNTANT,11,1,0,6,685,1,5
49204385,ACCOUNTANT,0,1,0,6,1519,2,3
12802330,ACCOUNTANT,0,0,0,4,816,0,1
22925443,ACCOUNTANT,0,0,0,5,649,0,0
28614791,ACCOUNTANT,10,2,0,5,842,1,0
30304575,ACCOUNTANT,0,1,0,5,1046,2,0
26065877,ACCOUNTANT,0,0,0,3,651,0,2
29821051,ACCOUNTANT,8,0,0,6,1065,2,5
29999135,ACCOUNTANT,0,0,0,5,1407,2,0
21853199,ACCOUNTANT,0,1,0,5,737,0,0
39674178,ACCOUNTANT,0,0,0,4,706,0,1
14449423,ACCOUNTANT,10,0,0,4,982,1,1
25547145,ACCOUNTANT,5,0,0,4,909,0,1
14055988,ACCOUNTANT,0,0,0,5,616,0,0
27637576,ACCOUNTANT,0,0,1,4,1165,0,1
49997097,ACCOUNTANT,0,0,0,4,693,0,1
27558837,ACCOUNTANT,0,0,0,4,740,0,1
14126433,ACCOUNTANT,0,2,1,5,823,2,0
34198885,ACCOUNTANT,0,1,0,5,686,0,0
62809577,ACCOUNTANT,0,1,1,4,468,0,1
12065211,ACCOUNTANT,0,3,0,5,782,2,0
23416654,ACCOUNTANT,0,1,0,5,712,0,0
38847011,ACCOUNTANT,0,2,0,4,885,0,1
27573855,ACCOUNTANT,0,0,1,5,916,0,0
15592167,ACCOUNTANT,0,4,0,4,670,0,1
20082776,ACCOUNTANT,12,2,3,5,682,1,0
10674770,ACCOUNTANT,0,0,0,4,1047,0,1
24294778,ACCOUNTANT,0,0,0,4,1219,0,1
11759079,ACCOUNTANT,0,5,1,6,849,2,3
18669563,ACCOUNTANT,0,0,0,5,594,0,0
18569929,ACCOUNTANT,0,1,0,4,544,0,1
80053367,ACCOUNTANT,0,3,0,3,600,0,2
87635012,ACCOUNTANT,0,0,0,5,731,0,0
24703009,ACCOUNTANT,0,1,0,5,827,0,0
25867805,ACCOUNTANT,0,0,0,5,628,0,0
35554162,ACCOUNTANT,0,0,1,4,677,0,1
13701259,ACCOUNTANT,0,1,1,4,866,0,1
12202337,ACCOUNTANT,0,0,0,5,743,0,0
19446337,ACCOUNTANT,0,2,1,5,747,2,0
15289348,ACCOUNTANT,0,2,2,4,1186,2,1
28969385,ACCOUNTANT,0,2,0,6,739,2,3
36425270,ACCOUNTANT,0,0,0,4,655,0,1
78257294,ACCOUNTANT,0,4,1,4,1090,2,1
23438112,ACCOUNTANT,0,2,0,4,636,0,1
98559931,ACCOUNTANT,0,0,3,5,797,2,0
17306905,ACCOUNTANT,0,0,6,5,1825,2,-1
12780508,ACCOUNTANT,0,1,0,4,994,0,1
26975573,ACCOUNTANT,0,0,1,6,1060,2,3
28298773,ACCOUNTANT,12,0,7,5,664,1,-1
29050809,ACCOUNTANT,0,4,0,5,1200,2,0
34816637,ACCOUNTANT,0,1,0,3,708,0,2
22465498,ACCOUNTANT,0,2,0,6,992,2,3
24103168,ACCOUNTANT,8,1,1,6,694,2,5
36024962,ACCOUNTANT,0,0,0,5,233,0,0
18635654,ACCOUNTANT,6,0,0,4,449,0,1
50222417,ACCOUNTANT,0,3,0,5,1152,2,0
23387174,ACCOUNTANT,16,0,0,4,782,1,1
13072019,ACCOUNTANT,0,4,0,4,829,0,1
82649935,ACCOUNTANT,0,0,0,5,696,0,0
99433371,CONSTRUCTION,0,0,0,4,214,0,1
10734870,CONSTRUCTION,0,4,0,5,727,2,0
18472240,CONSTRUCTION,0,1,0,3,222,0,2
71576860,CONSTRUCTION,0,0,0,5,683,0,0
29087505,CONSTRUCTION,0,0,0,4,790,0,1
22965804,CONSTRUCTION,0,0,0,3,113,0,2
33141415,CONSTRUCTION,0,0,0,4,461,0,1
26509539,CONSTRUCTION,0,4,0,5,959,2,0
36331163,CONSTRUCTION,0,0,1,5,384,0,0
25656981,CONSTRUCTION,0,6,1,5,682,2,0
26091595,CONSTRUCTION,0,0,0,5,764,0,0
11393213,CONSTRUCTION,0,2,0,5,702,0,0
14900898,CONSTRUCTION,0,3,3,5,626,2,0
25098739,CONSTRUCTION,0,1,0,5,232,0,0
78114950,CONSTRUCTION,0,5,0,6,1522,2,3
35971546,CONSTRUCTION,0,4,0,7,922,2,4
22019500,CONSTRUCTION,33,0,0,5,1143,1,-1
12839152,CONSTRUCTION,0,6,0,6,939,2,3
16353584,CONSTRUCTION,26,2,0,5,729,1,-1
29878348,CONSTRUCTION,0,0,0,5,266,0,0
28815362,CONSTRUCTION,0,2,0,4,936,0,1
15564893,CONSTRUCTION,0,0,0,5,702,0,0
12491898,CONSTRUCTION,0,8,2,6,2540,2,-1
29574501,CONSTRUCTION,13,2,0,5,573,1,0
32799518,CONSTRUCTION,0,0,0,6,1565,2,3
28942221,CONSTRUCTION,0,0,0,4,666,0,1
10176013,CONSTRUCTION,0,1,0,6,1196,2,3
16378091,CONSTRUCTION,0,0,0,3,351,0,2
16203589,CONSTRUCTION,0,0,0,5,932,0,0
63145386,CONSTRUCTION,0,0,0,6,678,2,3
13907230,CONSTRUCTION,0,0,0,4,274,0,1
21586858,CONSTRUCTION,18,6,1,5,956,1,-1
61065616,CONSTRUCTION,0,0,0,5,622,0,0
19471144,CONSTRUCTION,0,1,0,5,953,0,0
17342969,CONSTRUCTION,0,1,17,4,3128,2,-1
10041713,CONSTRUCTION,0,3,0,6,924,2,3
24770846,CONSTRUCTION,0,3,0,6,531,2,3
24740005,CONSTRUCTION,10,4,4,5,1009,1,-1
14585273,CONSTRUCTION,0,1,2,6,689,2,3
28756444,CONSTRUCTION,0,6,0,6,1043,2,3
10281555,CONSTRUCTION,0,0,0,6,708,2,3
48549972,CONSTRUCTION,0,5,1,6,527,2,3
17252448,CONSTRUCTION,0,0,0,4,730,0,1
15721849,CONSTRUCTION,0,2,0,6,1009,2,3
56525735,CONSTRUCTION,0,2,0,5,870,2,0
51638201,CONSTRUCTION,0,2,0,5,654,0,0
94503308,CONSTRUCTION,0,1,1,5,611,0,0
27835351,CONSTRUCTION,5,0,1,5,815,0,0
38946032,CONSTRUCTION,15,1,0,5,779,1,0
39674782,CONSTRUCTION,0,3,0,7,682,2,4
29193505,CONSTRUCTION,0,6,2,6,822,2,3
12890045,CONSTRUCTION,0,2,0,6,614,2,3
29894080,CONSTRUCTION,0,3,0,6,1093,2,3
32025286,CONSTRUCTION,0,3,0,5,950,2,0
21567392,CONSTRUCTION,0,1,0,4,1048,0,1
32265203,CONSTRUCTION,0,0,0,4,670,0,1
27246366,CONSTRUCTION,0,6,0,6,711,2,3
27066370,CONSTRUCTION,0,1,0,4,454,0,1
21363048,CONSTRUCTION,15,9,0,6,1040,1,-1
21782152,CONSTRUCTION,0,1,1,5,699,0,0
16626724,CONSTRUCTION,0,1,1,6,470,2,3
25224998,CONSTRUCTION,0,4,2,6,651,2,3
28803888,CONSTRUCTION,0,1,0,5,829,0,0
25187733,CONSTRUCTION,15,2,1,6,1556,1,-1
88859947,CONSTRUCTION,0,6,1,5,780,2,0
17570634,CONSTRUCTION,0,2,1,6,784,2,3
10149490,CONSTRUCTION,0,5,3,6,1356,2,-1
19364677,CONSTRUCTION,0,3,3,7,804,2,-1
22983516,CONSTRUCTION,0,0,2,6,985,2,3
31850269,CONSTRUCTION,0,3,0,4,620,0,1
27243670,CONSTRUCTION,0,3,0,5,1277,2,0
44147689,CONSTRUCTION,0,4,1,5,428,2,0
12654876,CONSTRUCTION,0,7,1,7,870,2,-1
49685006,CONSTRUCTION,0,0,0,5,1286,2,0
12212468,CONSTRUCTION,16,0,1,5,1258,1,-1
29483501,CONSTRUCTION,0,0,0,4,773,0,1
69764348,CONSTRUCTION,0,0,2,5,1501,2,0
18882984,CONSTRUCTION,22,2,0,6,802,1,-1
45475027,CONSTRUCTION,0,5,1,6,1152,2,3
34544955,CONSTRUCTION,0,1,0,6,844,2,3
93436805,CONSTRUCTION,0,0,0,5,656,0,0
39908485,CONSTRUCTION,21,5,4,6,3994,1,-1
39566718,CONSTRUCTION,0,2,1,7,1063,2,4
12666174,CONSTRUCTION,0,1,0,5,1125,2,0
20565849,CONSTRUCTION,0,1,0,4,448,0,1
12693146,CONSTRUCTION,0,4,1,6,1135,2,3
14849103,CONSTRUCTION,0,1,0,6,781,2,3
10100240,CONSTRUCTION,0,1,2,6,801,2,3
22894544,CONSTRUCTION,0,2,0,5,736,0,0
19928941,CONSTRUCTION,0,0,0,4,240,0,1
39027764,CONSTRUCTION,38,1,0,5,853,1,-1
23818675,CONSTRUCTION,20,2,0,6,1174,1,-1
24953126,CONSTRUCTION,20,6,0,5,1062,1,-1
22718826,CONSTRUCTION,0,5,6,6,707,2,-1
24361598,CONSTRUCTION,0,4,2,5,963,2,0
20681037,CONSTRUCTION,0,0,0,4,236,0,1
16924279,CONSTRUCTION,0,1,1,6,724,2,3
30311725,CONSTRUCTION,30,3,1,6,727,1,-1
29061628,CONSTRUCTION,0,1,0,4,328,0,1
33023370,CONSTRUCTION,8,0,0,6,877,2,5
32773331,CONSTRUCTION,20,6,4,6,892,1,-1
10820510,CONSTRUCTION,0,8,0,6,356,2,-1
28949406,CONSTRUCTION,0,0,0,4,852,0,1
12826414,CONSTRUCTION,0,4,2,5,1331,2,0
63083944,CONSTRUCTION,0,4,1,6,902,2,3
22546476,CONSTRUCTION,0,2,0,5,690,0,0
90032884,CONSTRUCTION,0,2,0,5,656,0,0
27187994,CONSTRUCTION,0,0,0,5,169,0,0
30397268,CONSTRUCTION,0,0,0,5,1386,2,0
78298706,CONSTRUCTION,0,0,0,5,741,0,0
11650031,CONSTRUCTION,0,1,0,6,298,0,3
12695537,CONSTRUCTION,0,1,0,5,741,0,0
31392754,PUBLIC-RELATIONS,0,0,0,4,835,0,1
23143731,PUBLIC-RELATIONS,0,0,1,3,716,0,2
26130673,PUBLIC-RELATIONS,0,0,0,4,468,0,1
25070914,PUBLIC-RELATIONS,0,0,0,6,1051,2,3
37913536,PUBLIC-RELATIONS,0,0,0,4,772,0,1
14278888,PUBLIC-RELATIONS,0,0,0,5,708,0,0
28831442,PUBLIC-RELATIONS,0,0,0,5,1170,0,0
98086373,PUBLIC-RELATIONS,0,1,0,5,811,0,0
23673025,PUBLIC-RELATIONS,0,2,0,4,1031,0,1
10070224,PUBLIC-RELATIONS,0,0,1,5,937,0,0
28290448,PUBLIC-RELATIONS,0,1,0,5,1124,2,0
24559558,PUBLIC-RELATIONS,20,1,0,5,745,1,0
28862054,PUBLIC-RELATIONS,0,2,0,5,1179,2,0
14536764,PUBLIC-RELATIONS,0,0,1,5,716,0,0
37087371,PUBLIC-RELATIONS,0,3,0,4,719,0,1
12191094,PUBLIC-RELATIONS,0,1,1,6,738,2,3
12920612,PUBLIC-RELATIONS,30,0,0,4,860,1,-1
14009087,PUBLIC-RELATIONS,0,0,1,4,808,0,1
91197243,PUBLIC-RELATIONS,0,2,0,6,773,2,3
12545844,PUBLIC-RELATIONS,0,0,0,5,352,0,0
31292364,PUBLIC-RELATIONS,0,5,0,5,845,2,0
11902276,PUBLIC-RELATIONS,0,1,3,6,775,2,3
18436190,PUBLIC-RELATIONS,0,1,0,4,680,0,1
23771896,PUBLIC-RELATIONS,0,0,0,5,742,0,0
25413261,PUBLIC-RELATIONS,0,0,2,6,1480,2,3
49119887,PUBLIC-RELATIONS,0,0,0,4,604,0,1
27000192,PUBLIC-RELATIONS,0,2,0,4,1081,0,1
27257013,PUBLIC-RELATIONS,0,5,0,7,1284,2,4
45900271,PUBLIC-RELATIONS,0,0,0,6,722,2,3
22560013,PUBLIC-RELATIONS,0,0,0,5,744,0,0
24977396,PUBLIC-RELATIONS,0,0,0,5,887,0,0
14364597,PUBLIC-RELATIONS,0,0,0,4,634,0,1
59346975,PUBLIC-RELATIONS,0,0,1,3,860,0,2
11850315,PUBLIC-RELATIONS,0,0,0,5,1008,0,0
24710433,PUBLIC-RELATIONS,0,3,1,4,1353,2,1
21297828,PUBLIC-RELATIONS,0,1,0,4,253,0,1
26330995,PUBLIC-RELATIONS,0,1,0,6,846,2,3
30642458,PUBLIC-RELATIONS,0,0,0,4,771,0,1
19503224,PUBLIC-RELATIONS,0,6,2,4,1111,2,-1
36107065,PUBLIC-RELATIONS,0,0,0,4,1492,0,1
10554045,PUBLIC-RELATIONS,0,1,2,4,864,0,1
29525715,PUBLIC-RELATIONS,0,1,1,5,1122,2,0
15917885,PUBLIC-RELATIONS,0,0,2,3,408,0,2
12567516,PUBLIC-RELATIONS,0,0,0,5,640,0,0
21478007,PUBLIC-RELATIONS,5,0,1,4,707,0,1
24590489,PUBLIC-RELATIONS,0,0,1,4,1048,0,1
14667659,PUBLIC-RELATIONS,0,1,0,4,601,0,1
19929506,PUBLIC-RELATIONS,0,0,0,6,619,0,3
31220062,PUBLIC-RELATIONS,0,1,0,7,1351,2,4
26173524,PUBLIC-RELATIONS,0,0,0,5,662,0,0
85973397,PUBLIC-RELATIONS,0,0,0,5,630,0,0
18133495,PUBLIC-RELATIONS,0,0,0,5,1369,2,0
14128006,PUBLIC-RELATIONS,0,1,0,3,657,0,2
16620172,PUBLIC-RELATIONS,0,1,8,5,893,2,-1
25001005,PUBLIC-RELATIONS,0,0,0,5,730,0,0
19497420,PUBLIC-RELATIONS,10,3,0,6,1247,2,-1
37375999,PUBLIC-RELATIONS,0,0,0,5,793,0,0
11160414,PUBLIC-RELATIONS,0,0,6,4,901,2,1
85766635,PUBLIC-RELATIONS,0,0,0,3,737,0,2
16226743,PUBLIC-RELATIONS,0,0,1,3,1314,0,2
61319162,PUBLIC-RELATIONS,0,5,0,5,960,2,0
38056161,PUBLIC-RELATIONS,0,1,0,4,664,0,1
65237556,PUBLIC-RELATIONS,0,1,0,4,894,0,1
75329822,PUBLIC-RELATIONS,0,0,0,5,719,0,0
11624880,PUBLIC-RELATIONS,0,0,1,4,815,0,1
31211074,PUBLIC-RELATIONS,0,0,0,5,659,0,0
21669215,PUBLIC-RELATIONS,0,0,1,5,490,0,0
19558834,PUBLIC-RELATIONS,0,0,0,5,631,0,0
53701275,PUBLIC-RELATIONS,0,0,0,5,777,0,0
22455205,PUBLIC-RELATIONS,0,0,0,4,683,0,1
20966771,PUBLIC-RELATIONS,0,0,0,5,592,0,0
19072267,PUBLIC-RELATIONS,0,0,2,4,2623,2,-1
21321598,PUBLIC-RELATIONS,0,1,1,4,506,0,1
11842274,PUBLIC-RELATIONS,0,4,0,5,5190,2,-1
21549195,PUBLIC-RELATIONS,0,0,0,5,805,0,0
36671891,PUBLIC-RELATIONS,0,1,0,6,1283,2,3
51415089,PUBLIC-RELATIONS,0,0,0,5,888,0,0
28531493,PUBLIC-RELATIONS,0,0,0,5,1060,0,0
16103783,PUBLIC-RELATIONS,0,1,0,4,707,0,1
11635137,PUBLIC-RELATIONS,0,1,1,5,654,0,0
13129275,PUBLIC-RELATIONS,0,0,0,4,664,0,1
20470943,PUBLIC-RELATIONS,0,1,2,5,722,2,0
23015611,PUBLIC-RELATIONS,0,1,0,5,807,0,0
34712719,PUBLIC-RELATIONS,0,0,0,5,739,0,0
14910300,PUBLIC-RELATIONS,0,1,0,4,658,0,1
21386255,PUBLIC-RELATIONS,0,1,0,4,800,0,1
88651471,PUBLIC-RELATIONS,0,1,0,5,816,0,0
22861181,PUBLIC-RELATIONS,0,0,0,5,614,0,0
45462344,PUBLIC-RELATIONS,0,0,0,4,827,0,1
24677466,PUBLIC-RELATIONS,0,0,0,5,778,0,0
23602130,PUBLIC-RELATIONS,6,0,0,5,368,0,0
13915715,PUBLIC-RELATIONS,0,0,0,4,591,0,1
13727873,PUBLIC-RELATIONS,2,0,0,5,1454,2,0
93828034,PUBLIC-RELATIONS,20,0,0,4,690,1,1
24491862,PUBLIC-RELATIONS,0,0,1,5,665,0,0
29329075,PUBLIC-RELATIONS,0,3,0,4,718,0,1
33072201,PUBLIC-RELATIONS,0,4,0,5,1939,2,0
23631724,PUBLIC-RELATIONS,0,1,0,4,742,0,1
14611516,PUBLIC-RELATIONS,0,2,0,7,941,2,4
32441790,PUBLIC-RELATIONS,0,0,0,5,481,0,0
12237267,PUBLIC-RELATIONS,0,0,0,6,735,2,3
42332765,PUBLIC-RELATIONS,0,0,0,5,549,0,0
26127853,PUBLIC-RELATIONS,0,0,0,5,1147,0,0
10926726,PUBLIC-RELATIONS,0,0,0,5,716,0,0
14966165,PUBLIC-RELATIONS,0,3,0,6,940,2,3
22754014,PUBLIC-RELATIONS,0,0,2,5,741,0,0
28975482,PUBLIC-RELATIONS,0,0,2,4,731,0,1
21663616,PUBLIC-RELATIONS,0,0,0,3,812,0,2
10873344,PUBLIC-RELATIONS,0,0,0,4,776,0,1
41590605,PUBLIC-RELATIONS,0,0,0,5,1323,2,0
23048999,PUBLIC-RELATIONS,0,0,0,4,652,0,1
74552449,BANKING,0,0,0,4,389,0,1
79041971,BANKING,0,0,3,4,229,0,1
77156708,BANKING,0,0,0,3,899,0,2
24580361,BANKING,0,0,0,3,247,0,2
34953092,BANKING,0,0,1,4,406,0,1
17189156,BANKING,6,0,0,4,780,0,1
19920687,BANKING,0,9,0,6,741,2,3
26579709,BANKING,0,0,1,5,730,0,0
29093426,BANKING,0,0,0,4,1162,0,1
33286293,BANKING,0,0,0,4,553,0,1
29552167,BANKING,0,0,0,4,621,0,1
69243180,BANKING,10,7,0,4,646,1,-1
26987539,BANKING,9,0,2,4,960,1,1
17276884,BANKING,0,0,1,5,830,0,0
22615491,BANKING,0,2,0,5,223,0,0
45167858,BANKING,0,1,1,4,402,0,1
13982572,BANKING,0,0,0,4,590,0,1
3547447,BANKING,0,0,0,4,682,0,1
98965485,BANKING,0,0,0,5,693,0,0
38897568,BANKING,0,1,0,5,715,0,0
12021752,BANKING,0,0,0,4,671,0,1
19149865,BANKING,0,0,3,5,1157,2,0
29839396,BANKING,0,0,1,5,708,0,0
15856762,BANKING,0,2,0,4,1285,0,1
18208580,BANKING,0,3,2,5,758,2,0
17396388,BANKING,0,0,2,5,713,0,0
28419927,BANKING,0,3,2,5,706,2,0
87867370,BANKING,0,3,4,4,1285,2,1
27120528,BANKING,0,1,1,6,778,2,3
70667011,BANKING,0,0,1,4,858,0,1
36302399,BANKING,0,3,1,4,914,0,1
89049979,BANKING,0,6,0,6,1122,2,3
43375498,BANKING,0,3,1,5,1121,2,0
30713796,BANKING,0,0,1,3,726,0,2
18805506,BANKING,12,2,1,5,701,1,0
39247950,BANKING,0,1,2,5,763,2,0
30127072,BANKING,0,2,0,5,633,0,0
11065180,BANKING,0,1,2,5,614,0,0
11637468,BANKING,0,1,1,5,761,0,0
54421668,BANKING,0,2,0,5,1514,2,0
13393401,BANKING,0,1,0,6,804,2,3
71422121,BANKING,4,1,0,5,1344,2,0
18457785,BANKING,0,0,0,5,990,0,0
21856577,BANKING,0,0,0,5,1108,0,0
21645690,BANKING,0,0,1,5,694,0,0
25780596,BANKING,15,3,0,5,956,1,0
34185495,BANKING,0,4,1,4,843,0,1
35483925,BANKING,0,3,1,6,661,2,3
19374660,BANKING,0,3,0,5,615,0,0
34758680,BANKING,0,1,0,5,594,0,0
21297521,BANKING,0,0,0,6,2101,2,-1
23323001,BANKING,0,3,0,6,899,2,3
25080805,BANKING,0,5,0,6,1067,2,3
27606527,BANKING,12,2,0,4,1402,1,-1
33872500,BANKING,0,0,0,4,873,0,1
18172739,BANKING,0,0,0,4,404,0,1
32980197,BANKING,0,0,0,4,733,0,1
11672279,BANKING,0,3,0,3,868,0,2
33135102,BANKING,0,0,0,5,596,0,0
20850529,BANKING,0,0,2,4,850,0,1
34783330,BANKING,0,0,0,6,877,2,3
33370664,BANKING,0,1,0,4,855,0,1
17823436,BANKING,0,1,0,4,1049,0,1
15553584,BANKING,0,2,0,4,344,0,1
39569771,BANKING,0,2,5,8,685,2,-1
11842348,BANKING,0,1,1,5,684,0,0
36905896,BANKING,0,0,0,5,935,0,0
13173522,BANKING,10,0,2,6,952,1,-1
25624652,BANKING,7,2,2,5,703,2,0
11262933,BANKING,0,3,0,4,878,0,1
10909673,BANKING,0,0,0,5,758,0,0
98348532,BANKING,0,0,0,4,1039,0,1
19176318,BANKING,0,0,1,5,1565,2,0
17818707,BANKING,18,0,0,6,806,1,-1
17213671,BANKING,0,3,0,5,675,2,0
31025785,BANKING,0,0,0,4,696,0,1
60489316,BANKING,11,2,0,4,982,1,1
60182829,BANKING,0,1,0,3,834,0,2
21796843,BANKING,0,1,0,5,1284,2,0
65864767,BANKING,0,8,0,5,772,2,0
11773925,BANKING,0,0,2,5,795,0,0
26673507,BANKING,0,3,2,7,669,2,4
72876163,BANKING,0,2,1,6,871,2,3
18824120,BANKING,0,0,3,5,635,0,0
27884470,BANKING,0,0,0,5,910,0,0
64589506,BANKING,0,2,1,5,688,0,0
29406313,BANKING,0,0,8,4,1105,2,-1
16300459,BANKING,0,0,1,5,652,0,0
20992320,BANKING,0,2,0,3,464,0,2
73157997,BANKING,0,0,1,4,817,0,1
28895997,BANKING,0,0,0,4,266,0,1
28051330,BANKING,0,0,1,5,630,0,0
25162378,BANKING,0,0,2,5,721,0,0
99124477,BANKING,7,5,1,6,1725,2,-1
17131084,BANKING,0,0,1,5,722,0,0
19437318,BANKING,0,0,0,4,416,0,1
35564026,BANKING,0,0,0,3,689,0,2
16407619,BANKING,0,2,0,4,675,0,1
10329506,BANKING,0,0,0,5,634,0,0
19911786,BANKING,0,6,0,5,761,2,0
96493528,BANKING,0,0,1,4,1147,0,1
35492909,BANKING,3,0,0,4,704,0,1
25200253,BANKING,0,4,0,5,1032,2,0
68781345,BANKING,0,2,0,7,978,2,4
14391434,BANKING,0,5,0,5,872,2,0
14626780,BANKING,0,3,0,5,750,2,0
28989677,BANKING,5,0,0,5,700,0,0
41651672,BANKING,0,0,2,3,446,0,2
18645964,BANKING,0,0,1,4,615,0,1
18278509,BANKING,0,0,0,4,316,0,1
18369400,BANKING,0,0,0,5,699,0,0
11266906,BANKING,20,2,0,5,938,1,0
31710562,BANKING,0,1,6,4,921,2,1
39142536,BANKING,0,1,0,4,703,0,1
21756639,BANKING,0,0,0,5,675,0,0
31273413,ARTS,0,1,0,4,670,0,1
12386670,ARTS,0,5,0,7,851,2,4
93576192,ARTS,0,0,0,4,453,0,1
15306049,ARTS,0,0,0,4,258,0,1
31114531,ARTS,0,0,0,3,1068,0,2
21060367,ARTS,0,0,2,4,764,0,1
17325147,ARTS,0,3,0,3,702,0,2
23752500,ARTS,0,3,0,5,1004,2,0
20149476,ARTS,15,1,1,4,672,1,1
54100393,ARTS,0,1,0,4,516,0,1
11187796,ARTS,0,2,0,6,267,0,3
39470264,ARTS,0,2,0,5,1158,2,0
12413512,ARTS,0,1,1,4,943,0,1
14879257,ARTS,0,0,0,5,660,0,0
46055835,ARTS,0,1,2,7,643,2,4
33344933,ARTS,0,1,0,3,941,0,2
24983760,ARTS,0,3,0,5,682,2,0
29148871,ARTS,0,6,0,5,1311,2,0
28325193,ARTS,0,1,0,5,714,0,0
15265464,ARTS,0,2,1,7,585,2,4
24349611,ARTS,0,0,0,4,1300,0,1
19508520,ARTS,0,5,0,4,854,0,1
22800977,ARTS,10,5,0,5,840,1,-1
36758947,ARTS,0,0,1,5,902,0,0
11555549,ARTS,11,0,0,4,673,1,1
32318506,ARTS,0,5,0,5,395,2,0
73497035,ARTS,0,0,0,6,659,0,3
12777487,ARTS,0,12,1,6,727,2,-1
36379931,ARTS,0,0,0,4,768,0,1
26069113,ARTS,0,0,0,4,688,0,1
41950126,ARTS,0,0,1,4,869,0,1
20488267,ARTS,0,3,0,5,445,0,0
22593054,ARTS,0,0,1,3,490,0,2
25561640,ARTS,0,0,0,4,672,0,1
43622023,ARTS,0,0,0,4,747,0,1
18319061,ARTS,0,4,0,5,674,2,0
25923361,ARTS,30,3,0,5,950,1,-1
18106533,ARTS,0,0,0,4,1168,0,1
50432401,ARTS,0,0,0,4,626,0,1
19724031,ARTS,0,3,0,5,1252,2,0
28471099,ARTS,25,0,0,4,1134,1,-1
22848179,ARTS,0,0,2,4,639,0,1
37220856,ARTS,0,2,1,6,897,2,3
78107631,ARTS,0,1,0,4,1024,0,1
21867728,ARTS,0,1,1,5,789,0,0
37472265,ARTS,0,0,0,4,782,0,1
17033567,ARTS,0,1,0,5,256,0,0
19671909,ARTS,0,5,0,3,1090,0,2
11995013,ARTS,0,6,0,5,770,2,0
28629430,ARTS,0,0,0,6,1079,2,3
53227466,ARTS,0,4,0,3,889,0,2
26079779,ARTS,0,0,0,4,643,0,1
83338413,ARTS,0,0,0,5,675,0,0
18029935,ARTS,0,3,0,4,572,0,1
16962067,ARTS,10,0,0,6,738,1,5
14150896,ARTS,0,0,0,4,306,0,1
27936502,ARTS,0,1,2,6,952,2,3
65325317,ARTS,0,6,0,5,1480,2,0
30594821,ARTS,0,3,0,3,172,0,2
27164756,ARTS,0,1,3,5,1307,2,0
34146825,ARTS,0,0,0,4,782,0,1
99561379,ARTS,0,0,0,6,1367,2,3
54180474,ARTS,0,0,0,4,675,0,1
37751611,ARTS,12,1,0,6,934,1,5
73030450,ARTS,7,1,0,5,657,0,0
39608848,ARTS,0,0,2,5,692,0,0
16244633,ARTS,10,8,2,6,1507,2,-1
10830646,ARTS,0,9,1,4,1231,2,-1
27024099,ARTS,20,0,0,5,627,1,0
65352424,ARTS,0,1,1,5,662,0,0
28711616,ARTS,0,0,0,4,631,0,1
39064638,ARTS,0,2,0,5,744,0,0
18586076,ARTS,0,0,0,4,984,0,1
13272204,ARTS,0,0,0,4,688,0,1
11360471,ARTS,0,2,0,5,664,0,0
18885767,ARTS,0,0,0,3,844,0,2
20698469,ARTS,0,1,0,4,439,0,1
27715131,ARTS,0,0,2,6,795,2,3
32794700,ARTS,0,1,0,4,480,0,1
23139437,ARTS,0,5,0,4,298,0,1
23917826,ARTS,0,1,0,5,1058,2,0
20148147,ARTS,0,0,0,4,761,0,1
34304175,ARTS,0,2,0,4,615,0,1
26410763,ARTS,0,0,0,4,399,0,1
21809601,ARTS,0,0,0,3,498,0,2
27096796,ARTS,0,0,0,4,235,0,1
25157655,ARTS,0,0,0,4,244,0,1
25926667,ARTS,0,0,1,5,784,0,0
20356750,ARTS,0,1,0,4,346,0,1
24061629,ARTS,0,9,0,6,990,2,-1
17694454,ARTS,0,0,0,6,1325,2,3
99033098,ARTS,0,0,0,4,931,0,1
38115035,ARTS,0,0,0,3,813,0,2
17857644,ARTS,0,1,0,6,791,2,3
12334650,ARTS,0,1,0,4,1190,0,1
36019469,ARTS,0,8,1,3,1127,2,-1
79432080,ARTS,0,4,0,5,1034,2,0
94230796,ARTS,0,1,0,5,1128,2,0
66226673,ARTS,0,0,0,4,372,0,1
83206166,ARTS,0,3,0,5,603,0,0
22182279,ARTS,0,0,0,3,806,0,2
16887936,ARTS,0,0,0,5,947,0,0
14248724,ARTS,0,2,0,3,366,0,2
69458502,AVIATION,2,0,1,4,754,0,1
82738323,AVIATION,0,6,0,3,371,0,2
16833515,AVIATION,0,5,0,6,1384,2,3
11804712,AVIATION,0,2,0,6,1032,2,3
21287405,AVIATION,0,1,0,5,794,0,0
10176815,AVIATION,0,1,1,4,704,0,1
29221006,AVIATION,0,2,0,5,1829,2,0
23761385,AVIATION,0,0,0,6,989,2,3
38355831,AVIATION,0,2,0,4,709,0,1
24773845,AVIATION,0,0,2,4,1208,0,1
17876954,AVIATION,8,0,0,6,929,2,5
36252245,AVIATION,0,0,0,5,943,0,0
32720816,AVIATION,0,1,0,3,743,0,2
36727173,AVIATION,11,4,2,4,680,1,-1
91431878,AVIATION,0,0,0,3,723,0,2
42546558,AVIATION,0,0,1,4,767,0,1
87826037,AVIATION,0,0,0,5,846,0,0
17483843,AVIATION,0,1,1,4,851,0,1
22232367,AVIATION,0,2,1,5,865,2,0
70198580,AVIATION,0,0,0,5,681,0,0
67631413,AVIATION,0,1,0,4,761,0,1
26819872,AVIATION,0,5,2,4,1279,2,1
13234267,AVIATION,0,1,0,4,1264,0,1
26888302,AVIATION,0,1,0,5,988,0,0
13195436,AVIATION,0,1,0,4,837,0,1
81588968,AVIATION,0,0,2,5,1077,2,0
18268860,AVIATION,0,0,0,4,548,0,1
14790629,AVIATION,0,0,0,3,708,0,2
12144825,AVIATION,0,1,0,5,530,0,0
90318913,AVIATION,10,0,0,4,762,1,1
26279402,AVIATION,0,0,0,4,627,0,1
94137171,AVIATION,0,0,0,5,460,0,0
27902692,AVIATION,0,13,0,6,491,2,-1
28186635,AVIATION,0,1,0,6,624,2,3
42641525,AVIATION,32,9,0,4,1334,1,-1
34419403,AVIATION,0,0,0,4,379,0,1
43720116,AVIATION,0,0,0,5,415,0,0
15618327,AVIATION,0,10,0,4,695,2,1
14589288,AVIATION,16,1,1,4,343,1,1
43408471,AVIATION,0,6,0,5,656,2,0
38154903,AVIATION,0,3,0,4,323,0,1
29167286,AVIATION,0,2,0,3,812,0,2
11169163,AVIATION,0,0,3,5,796,2,0
28383893,AVIATION,0,3,0,5,1681,2,0
20026169,AVIATION,0,6,1,5,948,2,0
38047274,AVIATION,0,4,1,4,978,2,1
16449694,AVIATION,0,0,1,4,1208,0,1
11137306,AVIATION,0,2,0,5,790,0,0
19818707,AVIATION,0,0,0,5,641,0,0
17274759,AVIATION,0,3,0,4,626,0,1
19506295,AVIATION,0,2,0,5,825,0,0
50775901,AVIATION,0,0,1,4,884,0,1
22990761,AVIATION,0,2,1,4,821,0,1
10945968,AVIATION,20,1,0,5,790,1,0
12192507,AVIATION,0,2,0,4,232,0,1
24154692,AVIATION,0,4,1,6,750,2,3
23985183,AVIATION,0,2,4,5,808,2,0
29161565,AVIATION,0,3,0,5,436,0,0
11333001,AVIATION,0,4,1,6,783,2,3
25718772,AVIATION,10,4,0,3,644,1,-1
65219288,AVIATION,0,1,1,5,774,0,0
27502951,AVIATION,0,13,0,4,605,2,-1
15823995,AVIATION,0,1,2,6,906,2,3
22650051,AVIATION,0,0,0,3,818,0,2
24668861,AVIATION,0,1,2,4,1525,2,1
42427521,AVIATION,0,1,0,3,1209,0,2
96457008,AVIATION,0,1,0,5,223,0,0
38989376,AVIATION,0,3,0,4,1012,0,1
13405229,AVIATION,0,0,0,3,908,0,2
17686472,AVIATION,0,0,1,4,427,0,1
54232810,AVIATION,0,2,2,4,711,0,1
25719936,AVIATION,5,1,5,5,921,2,-1
68216398,AVIATION,0,1,0,4,627,0,1
17983430,AVIATION,0,0,1,6,660,2,3
92283635,AVIATION,0,1,1,4,708,0,1
11614114,AVIATION,12,4,0,5,589,1,0
61315605,AVIATION,0,2,0,4,780,0,1
16850314,AVIATION,0,3,0,4,681,0,1
11959428,AVIATION,0,3,0,4,195,0,1
10395944,AVIATION,0,2,0,4,523,0,1
10189110,AVIATION,15,8,0,4,1348,1,-1
10567764,AVIATION,0,2,0,4,927,0,1
30148777,AVIATION,0,3,0,5,710,2,0
24544244,AVIATION,0,2,0,5,832,0,0
19284293,AVIATION,20,2,3,3,1186,1,-1
11752500,AVIATION,20,1,4,7,821,1,-1
31536294,AVIATION,0,0,2,4,657,0,1
22442947,AVIATION,0,0,2,4,609,0,1
27512470,AVIATION,0,0,0,5,729,0,0
14874322,AVIATION,0,0,0,4,707,0,1
23464505,AVIATION,0,0,0,4,454,0,1
12504278,AVIATION,0,1,0,5,750,0,0
58048626,AVIATION,0,0,0,4,663,0,1
15684810,AVIATION,0,12,0,5,1331,2,-1
17694572,AVIATION,0,1,0,4,253,0,1
22168194,AVIATION,10,0,0,4,680,1,1
29595906,AVIATION,0,4,0,4,202,0,1
77626587,AVIATION,0,0,0,4,301,0,1
98389424,AVIATION,0,0,0,3,595,0,2
38663892,AVIATION,0,0,0,6,976,2,3
17152392,AVIATION,0,1,0,4,839,0,1
49646155,AVIATION,0,2,1,5,890,2,0
33627938,AVIATION,0,5,0,3,1194,0,2
12904972,AVIATION,0,8,1,5,944,2,0
12239749,AVIATION,0,2,1,5,676,0,0
16279537,AVIATION,0,1,0,5,726,0,0
17008356,AVIATION,0,0,10,4,981,2,-1
28020046,AVIATION,0,0,4,6,877,2,3
25625173,AVIATION,25,1,0,6,1798,1,-1
29534737,AVIATION,0,1,0,5,713,0,0
17655479,AVIATION,0,1,0,4,742,0,1
12043694,AVIATION,0,7,0,5,1042,2,0
99416532,AVIATION,0,3,3,4,752,2,1
24589765,AVIATION,0,0,0,6,902,2,3
31605080,AVIATION,0,0,0,3,241,0,2
21190805,AVIATION,0,0,0,4,683,0,1
37473139,AVIATION,0,3,0,4,681,0,1
